"date","observed","trend_ssm","slope_ssm"
1979-01-01,336.56,335.632666449199,0.135653337281497
1979-02-01,337.29,336.037020953139,0.135564177953199
1979-03-01,337.88,336.356628692233,0.135413950038903
1979-04-01,338.32,336.560851368602,0.135240890292961
1979-05-01,338.26,336.653518769485,0.13508195710907
1979-06-01,337.39,336.783779831026,0.134924623575183
1979-07-01,335.57,336.727804766045,0.13483063359955
1979-08-01,334.37,336.983891446829,0.13469640893548
1979-09-01,335.02,337.665231362709,0.134380799246179
1979-10-01,336.36,337.823313875487,0.134057324950695
1979-11-01,337.36,337.619628346826,0.133845919115277
1979-12-01,337.89,337.425664138417,0.133743285903139
1980-01-01,338.57,337.6426664492,0.133613026019989
1980-02-01,339.26,338.007020953129,0.133406202438082
1980-03-01,339.6,338.076628692244,0.133220548202801
1980-04-01,340,338.240851368628,0.133024606967433
1980-05-01,340.44,338.833518769481,0.13267614892959
1980-06-01,339.99,339.383779831019,0.132189129564386
1980-07-01,338.44,339.597804766032,0.131674955775047
1980-08-01,337.22,339.833891446792,0.131126136511773
1980-09-01,337.05,339.69523136272,0.130666836614977
1980-10-01,337.82,339.28331387552,0.130387574841791
1980-11-01,338.93,339.189628346829,0.130182664094502
1980-12-01,339.64,339.175664138402,0.1300255835762
1981-01-01,340.18,339.2526664492,0.129886097024623
1981-02-01,340.75,339.497020953149,0.129708628031809
1981-03-01,341.38,339.856628692225,0.12945487485098
1981-04-01,341.68,339.9208513686,0.129222766752947
1981-05-01,341.43,339.823518769497,0.129065833335
1981-06-01,340.63,340.023779831043,0.128885276205982
1981-07-01,339.23,340.387804766028,0.128626695991714
1981-08-01,338.08,340.693891446791,0.128309231727038
1981-09-01,337.97,340.615231362733,0.12806044317897
1981-10-01,339.07,340.533313875504,0.12788132865378
1981-11-01,340.17,340.429628346823,0.127779051701395
1981-12-01,340.74,340.275664138412,0.127770261651716
1982-01-01,341.36,340.432666449198,0.127751771942382
1982-02-01,341.95,340.697020953131,0.127687955270089
1982-03-01,342.23,340.706628692241,0.127663319494884
1982-04-01,342.52,340.760851368605,0.127663052495196
1982-05-01,342.37,340.763518769488,0.127704261044261
1982-06-01,341.49,340.883779831031,0.127747939365514
1982-07-01,339.75,340.907804766021,0.127826034632231
1982-08-01,338.11,340.723891446822,0.128007569983476
1982-09-01,338.16,340.805231362742,0.128204590405893
1982-10-01,339.61,341.073313875498,0.128355197105006
1982-11-01,340.95,341.209628346823,0.128503162790119
1982-12-01,341.77,341.305664138399,0.128661901666301
1983-01-01,342.37,341.442666449188,0.128817873061849
1983-02-01,342.74,341.487020953142,0.129001870749017
1983-03-01,343.04,341.516628692249,0.129218848992706
1983-04-01,343.51,341.750851368619,0.12940098529345
1983-05-01,343.84,342.233518769491,0.12946590216893
1983-06-01,343.5,342.893779831023,0.129354692753403
1983-07-01,342.14,343.297804766008,0.129152343375196
1983-08-01,340.62,343.23389144681,0.129014056259937
1983-09-01,340.53,343.175231362738,0.128938042414641
1983-10-01,341.75,343.213313875497,0.128892175881682
1983-11-01,342.83,343.089628346828,0.1289301186554
1983-12-01,343.49,343.025664138418,0.129032066840213
1984-01-01,344.32,343.392666449183,0.129055052706525
1984-02-01,344.82,343.567020953129,0.129063007493162
1984-03-01,344.96,343.436628692245,0.129157053671733
1984-04-01,345.19,343.430851368622,0.129295873226593
1984-05-01,345.33,343.72351876948,0.129380483505595
1984-06-01,344.57,343.963779831043,0.129428301842143
1984-07-01,343.2,344.357804766034,0.129388322800008
1984-08-01,342.21,344.823891446785,0.129236621878108
1984-09-01,342.13,344.77523136272,0.129143949917659
1984-10-01,342.99,344.453313875518,0.129200947328784
1984-11-01,344.16,344.419628346832,0.129311993067912
1984-12-01,345,344.535664138386,0.129427444062232
1985-01-01,345.35,344.422666449204,0.129623335578308
1985-02-01,345.8,344.547020953164,0.129820975376664
1985-03-01,346.64,345.116628692215,0.129872686919734
1985-04-01,346.94,345.180851368604,0.129946182182295
1985-05-01,346.78,345.173518769506,0.130065228731742
1985-06-01,346.26,345.653779831032,0.130068074724215
1985-07-01,344.92,346.077804766008,0.129973381146857
1985-08-01,343.41,346.023891446811,0.129939704106531
1985-09-01,343.37,346.015231362738,0.129952016684226
1985-10-01,344.64,346.103313875498,0.129978222230427
1985-11-01,345.79,346.049628346829,0.130065370335482
1985-12-01,346.55,346.0856641384,0.130183718952939
1986-01-01,347.11,346.182666449183,0.130313077690304
1986-02-01,347.34,346.087020953152,0.130517413082616
1986-03-01,347.71,346.186628692247,0.13073200479724
1986-04-01,348.22,346.460851368606,0.13089898402081
1986-05-01,348.32,346.713518769492,0.131025558543534
1986-06-01,347.76,347.153779831028,0.131049523799333
1986-07-01,346.29,347.447804766021,0.131019411217019
1986-08-01,344.92,347.533891446804,0.131004208030574
1986-09-01,344.86,347.505231362734,0.13104198400017
1986-10-01,346.03,347.493313875508,0.131127196200085
1986-11-01,347.3,347.559628346809,0.131233914294779
1986-12-01,347.76,347.2956641384,0.131471765423258
1987-01-01,348.01,347.082666449214,0.131823917005189
1987-02-01,348.57,347.317020953154,0.132142047304761
1987-03-01,349.29,347.766628692239,0.132354837429636
1987-04-01,349.98,348.220851368606,0.132460826677248
1987-05-01,350.26,348.653518769472,0.132467202600369
1987-06-01,349.46,348.853779831032,0.132451083440931
1987-07-01,347.84,348.997804766034,0.13243112389314
1987-08-01,346.61,349.223891446804,0.132380087939368
1987-09-01,346.7,349.345231362732,0.132332715290572
1987-10-01,347.97,349.433313875504,0.132300025564007
1987-11-01,349.25,349.509628346833,0.132285912736353
1987-12-01,350.21,349.745664138398,0.132237374045862
1988-01-01,350.92,349.992666449192,0.132150754520814
1988-02-01,351.47,350.217020953138,0.13203354032263
1988-03-01,351.85,350.326628692244,0.131923767362598
1988-04-01,352.3,350.540851368612,0.131786686313294
1988-05-01,352.46,350.853518769482,0.131589586160937
1988-06-01,351.76,351.153779831034,0.131336518125612
1988-07-01,350.27,351.427804766031,0.131036103800122
1988-08-01,349.09,351.703891446806,0.130687559382109
1988-09-01,349.27,351.915231362723,0.130312253227167
1988-10-01,350.44,351.903313875504,0.129984141166245
1988-11-01,351.62,351.879628346832,0.129707019150185
1988-12-01,352.47,352.005664138395,0.129431115305932
1989-01-01,353.01,352.082666449195,0.12917260817436
1989-02-01,353.47,352.21702095315,0.128912381607205
1989-03-01,354.01,352.486628692233,0.128605470078748
1989-04-01,354.38,352.620851368599,0.128296694671746
1989-05-01,354.19,352.583518769488,0.128042877703384
1989-06-01,353.27,352.663779831034,0.127804915502928
1989-07-01,351.57,352.727804766033,0.127588116516206
1989-08-01,350.22,352.833891446822,0.12737845204844
1989-09-01,350.57,353.21523136272,0.127084519120614
1989-10-01,351.86,353.323313875498,0.12679689136125
1989-11-01,353.04,353.299628346833,0.12655919606648
1989-12-01,353.91,353.445664138395,0.126315038127004
1990-01-01,354.48,353.552666449191,0.126077288458166
1990-02-01,354.88,353.627020953142,0.125856701233323
1990-03-01,355.2,353.67662869224,0.125661414628988
1990-04-01,355.51,353.750851368606,0.125483196217579
1990-05-01,355.41,353.803518769477,0.125329139247237
1990-06-01,354.33,353.723779831046,0.125243127132406
1990-07-01,352.71,353.867804766039,0.125150882914479
1990-08-01,351.58,354.193891446805,0.124991964997324
1990-09-01,351.79,354.435231362732,0.124794440976285
1990-10-01,353.19,354.653313875497,0.124565962486673
1990-11-01,354.45,354.709628346823,0.124360130929275
1990-12-01,355.19,354.725664138401,0.1241902431136
1991-01-01,355.76,354.832666449192,0.124026058527724
1991-02-01,356.19,354.937020953149,0.123868401277081
1991-03-01,356.69,355.166628692241,0.123675658029411
1991-04-01,357.19,355.430851368598,0.123436279041732
1991-05-01,357.11,355.503518769483,0.123213745976724
1991-06-01,356.18,355.573779831037,0.123008783456099
1991-07-01,354.53,355.687804766024,0.122806801919535
1991-08-01,353.06,355.673891446805,0.122650186297519
1991-09-01,352.93,355.575231362733,0.122567004949337
1991-10-01,354.01,355.473313875507,0.122558311132358
1991-11-01,355.16,355.419628346831,0.122608097829512
1991-12-01,355.95,355.4856641384,0.122676656119246
1992-01-01,356.54,355.612666449188,0.122743779087841
1992-02-01,356.89,355.637020953147,0.122843549185554
1992-03-01,357.27,355.746628692246,0.12294771113594
1992-04-01,357.76,356.000851368606,0.123008313961268
1992-05-01,357.83,356.223518769474,0.123035848313696
1992-06-01,356.87,356.263779831037,0.123090848659215
1992-07-01,355.19,356.347804766023,0.123158811697326
1992-08-01,353.66,356.273891446811,0.123292166408413
1992-09-01,353.58,356.225231362738,0.123482577615915
1992-10-01,354.81,356.273313875501,0.123698007766281
1992-11-01,355.99,356.249628346827,0.123962342122291
1992-12-01,356.74,356.275664138396,0.124259170068034
1993-01-01,357.2,356.272666449193,0.12459822386726
1993-02-01,357.54,356.287020953149,0.12497385828926
1993-03-01,357.94,356.416628692244,0.125347955115777
1993-04-01,358.41,356.650851368602,0.125685925575091
1993-05-01,358.38,356.773518769475,0.126024897628994
1993-06-01,357.34,356.733779831043,0.12641887276481
1993-07-01,355.7,356.857804766033,0.126813642247321
1993-08-01,354.41,357.023891446806,0.127195380309915
1993-09-01,354.47,357.115231362732,0.127589015786874
1993-10-01,355.72,357.183313875503,0.128002396469648
1993-11-01,356.96,357.219628346832,0.128446200666842
1993-12-01,357.87,357.405664138395,0.128870895720205
1994-01-01,358.48,357.552666449195,0.129289574481158
1994-02-01,359,357.747020953138,0.129686663661839
1994-03-01,359.36,357.83662869224,0.130097051668265
1994-04-01,359.71,357.950851368611,0.13051270704534
1994-05-01,359.74,358.133518769477,0.130911056664027
1994-06-01,358.8,358.193779831044,0.13133284907675
1994-07-01,357.27,358.427804766031,0.13172056661918
1994-08-01,356.06,358.673891446797,0.132070335662747
1994-09-01,356.02,358.665231362737,0.132466801301829
1994-10-01,357.27,358.733313875512,0.132884630673675
1994-11-01,358.69,358.949628346821,0.133274776695115
1994-12-01,359.54,359.075664138397,0.133667324727156
1995-01-01,360.12,359.192666449195,0.134065402476342
1995-02-01,360.61,359.357020953145,0.134453429819064
1995-03-01,361.08,359.556628692241,0.134819837923868
1995-04-01,361.55,359.790851368599,0.135153262583099
1995-05-01,361.46,359.853518769487,0.135510739206153
1995-06-01,360.61,360.003779831036,0.135863321437239
1995-07-01,359.02,360.177804766032,0.136203241036918
1995-08-01,357.77,360.383891446815,0.136519972197841
1995-09-01,358.07,360.715231362726,0.136772058997384
1995-10-01,359.42,360.883313875503,0.137013756489495
1995-11-01,360.76,361.019628346826,0.137255686015566
1995-12-01,361.65,361.185664138391,0.137488065844063
1996-01-01,362.14,361.212666449193,0.137757106606448
1996-02-01,362.5,361.247020953144,0.138060457999901
1996-03-01,362.82,361.296628692241,0.138393159414799
1996-04-01,363.14,361.380851368618,0.138743835459065
1996-05-01,363.29,361.683518769496,0.139040119052539
1996-06-01,362.88,362.273779831029,0.139186680348019
1996-07-01,361.57,362.727804766007,0.139228773294311
1996-08-01,360.07,362.683891446795,0.139331635704889
1996-09-01,359.7,362.345231362739,0.139593103383901
1996-10-01,360.67,362.13331387551,0.139971207877479
1996-11-01,361.78,362.039628346836,0.140426843399084
1996-12-01,362.63,362.1656641384,0.140887254100981
1997-01-01,363.27,362.342666449185,0.14133568125165
1997-02-01,363.62,362.367020953148,0.141822924620799
1997-03-01,364.02,362.496628692244,0.142314221183128
1997-04-01,364.5,362.740851368603,0.142771702896328
1997-05-01,364.5,362.89351876948,0.143225901059271
1997-06-01,363.59,362.983779831036,0.143697673799847
1997-07-01,361.94,363.097804766022,0.144179292427935
1997-08-01,360.42,363.033891446813,0.144729959500093
1997-09-01,360.41,363.055231362749,0.145321569354673
1997-10-01,361.94,363.403313875511,0.145845899897651
1997-11-01,363.62,363.879628346819,0.146260575703296
1997-12-01,364.69,364.225664138383,0.146608962909312
1998-01-01,365.19,364.262666449189,0.146993719348852
1998-02-01,365.47,364.217020953154,0.147442396549366
1998-03-01,365.93,364.40662869225,0.147877082617406
1998-04-01,366.58,364.820851368608,0.148223390973772
1998-05-01,366.86,365.253518769481,0.148475316275622
1998-06-01,366.26,365.653779831032,0.148643695055501
1998-07-01,364.83,365.987804766034,0.148750561386296
1998-08-01,363.79,366.403891446803,0.148768721333227
1998-09-01,364.03,366.675231362726,0.148746210204873
1998-10-01,365.34,366.803313875501,0.148730555620561
1998-11-01,366.6,366.859628346829,0.148745566165476
1998-12-01,367.47,367.005664138399,0.148761475856778
1999-01-01,368.11,367.182666449188,0.148768014789089
1999-02-01,368.51,367.257020953145,0.148799245309921
1999-03-01,368.9,367.376628692241,0.148840162037622
1999-04-01,369.29,367.530851368604,0.14887929276131
1999-05-01,369.21,367.603518769486,0.148943711805003
1999-06-01,368.36,367.753779831033,0.149007693731063
1999-07-01,366.69,367.847804766031,0.149089919812508
1999-08-01,365.33,367.943891446811,0.149189733213162
1999-09-01,365.44,368.085231362733,0.149292151308263
1999-10-01,366.75,368.213313875502,0.149401607099364
1999-11-01,368.04,368.299628346827,0.149531996207279
1999-12-01,368.88,368.415664138394,0.149673499889587
2000-01-01,369.39,368.462666449187,0.149849071508292
2000-02-01,369.65,368.397020953149,0.150096147657972
2000-03-01,369.97,368.446628692243,0.15037656746269
2000-04-01,370.35,368.590851368603,0.150659029226526
2000-05-01,370.24,368.633518769484,0.150977324333271
2000-06-01,369.31,368.703779831049,0.151322402382051
2000-07-01,367.91,369.067804766028,0.151596902341538
2000-08-01,366.76,369.373891446794,0.151820140131065
2000-09-01,366.71,369.355231362735,0.152099945975231
2000-10-01,367.91,369.373313875511,0.152424220939025
2000-11-01,369.28,369.539628346822,0.152743886896434
2000-12-01,370.1,369.635664138399,0.153082369503396
2001-01-01,370.69,369.762666449194,0.15342950588937
2001-02-01,371.18,369.927020953141,0.153773017186921
2001-03-01,371.58,370.056628692237,0.154124546908767
2001-04-01,371.9,370.140851368604,0.154499271185001
2001-05-01,371.76,370.153518769485,0.154921057535602
2001-06-01,370.83,370.22377983105,0.155370935421749
2001-07-01,369.45,370.607804766027,0.155744942267712
2001-08-01,368.31,370.923891446798,0.156065745170123
2001-09-01,368.36,371.005231362737,0.156411343293275
2001-10-01,369.71,371.173313875503,0.15675306873644
2001-11-01,371.06,371.319628346827,0.157098257872544
2001-12-01,371.98,371.515664138391,0.15743052691458
2002-01-01,372.51,371.582666449193,0.157792801479509
2002-02-01,372.91,371.657020953149,0.158182762200976
2002-03-01,373.38,371.856628692235,0.158558977455089
2002-04-01,373.73,371.970851368608,0.15894990420031
2002-05-01,373.71,372.103518769483,0.159349551898892
2002-06-01,372.84,372.233779831045,0.159758851622033
2002-07-01,371.41,372.567804766033,0.160110327082141
2002-08-01,370.35,372.963891446807,0.160383501828295
2002-09-01,370.67,373.315231362721,0.160593314193757
2002-10-01,371.95,373.413313875506,0.160823868639108
2002-11-01,373.28,373.539628346831,0.161065873852324
2002-12-01,374.26,373.795664138395,0.161276366533692
2003-01-01,374.94,374.012666449192,0.161468368458876
2003-02-01,375.47,374.217020953141,0.161646140081001
2003-03-01,375.91,374.386628692242,0.161821269917719
2003-04-01,376.39,374.63085136861,0.16196905765488
2003-05-01,376.54,374.933518769477,0.162070159440025
2003-06-01,375.71,375.103779831038,0.16216854335334
2003-07-01,374.17,375.327804766031,0.162246402330355
2003-08-01,372.94,375.553891446807,0.162303078085818
2003-09-01,373.09,375.735231362729,0.162353437115173
2003-10-01,374.36,375.823313875504,0.162428440420579
2003-11-01,375.65,375.909628346828,0.162528699553652
2003-12-01,376.52,376.055664138401,0.162634431296373
2004-01-01,377.21,376.282666449191,0.162718804751108
2004-02-01,377.72,376.467020953142,0.162795999136128
2004-03-01,378.15,376.626628692236,0.162874251436629
2004-04-01,378.48,376.720851368607,0.162975283423558
2004-05-01,378.41,376.803518769484,0.163102962845458
2004-06-01,377.51,376.90377983104,0.163251494211462
2004-07-01,375.94,377.097804766021,0.163389814459507
2004-08-01,374.47,377.083891446807,0.163586966712266
2004-09-01,374.38,377.025231362744,0.163857864077523
2004-10-01,375.72,377.18331387551,0.164130677796364
2004-11-01,377.2,377.459628346824,0.164366267145097
2004-12-01,378.17,377.70566413839,0.164574757244391
2005-01-01,378.73,377.802666449198,0.164805668958041
2005-02-01,379.26,378.007020953149,0.16502345773811
2005-03-01,379.86,378.336628692234,0.165186634831316
2005-04-01,380.32,378.560851368609,0.16533022282532
2005-05-01,380.42,378.813518769479,0.16544483095211
2005-06-01,379.6,378.993779831032,0.165554522817521
2005-07-01,377.94,379.097804766037,0.165684631180515
2005-08-01,376.73,379.343891446801,0.165788060862415
2005-09-01,376.76,379.405231362737,0.16592614810297
2005-10-01,378.07,379.533313875511,0.166076792464687
2005-11-01,379.53,379.789628346826,0.166197494526809
2005-12-01,380.52,380.055664138402,0.166285068651252
2006-01-01,381.35,380.422666449189,0.166306041596737
2006-02-01,381.97,380.717020953135,0.166284526022225
2006-03-01,382.36,380.836628692238,0.166278498549312
2006-04-01,382.69,380.930851368608,0.16629638034626
2006-05-01,382.64,381.033518769484,0.166335375252393
2006-06-01,381.77,381.163779831031,0.166386340190583
2006-07-01,380.05,381.207804766022,0.166477906592597
2006-08-01,378.46,381.073891446826,0.166669147589444
2006-09-01,378.65,381.295231362736,0.166842247954297
2006-10-01,380.12,381.583313875497,0.166975118867571
2006-11-01,381.46,381.719628346829,0.167118163472213
2006-12-01,382.41,381.945664138394,0.167241658269122
2007-01-01,383.03,382.102666449194,0.167368550644664
2007-02-01,383.54,382.287020953143,0.167489806810264
2007-03-01,384,382.476628692231,0.167603723893529
2007-04-01,384.27,382.510851368606,0.167761898933515
2007-05-01,384.12,382.513518769489,0.167974854958396
2007-06-01,383.26,382.653779831031,0.168197006861495
2007-07-01,381.55,382.707804766038,0.168457042877133
2007-08-01,380.3,382.91389144682,0.168704592779363
2007-09-01,380.69,383.335231362725,0.168868314256155
2007-10-01,382.11,383.5733138755,0.169009069359092
2007-11-01,383.45,383.709628346832,0.169160673050575
2007-12-01,384.46,383.995664138398,0.16927349571557
2008-01-01,385.23,384.302666449187,0.169340617765298
2008-02-01,385.74,384.487020953141,0.169402757968373
2008-03-01,386.15,384.626628692239,0.169474784633431
2008-04-01,386.53,384.770851368606,0.169555190350353
2008-05-01,386.49,384.883518769482,0.169654472342213
2008-06-01,385.58,384.973779831044,0.16978009833274
2008-07-01,384.1,385.257804766023,0.169867816066211
2008-08-01,382.77,385.383891446794,0.169970061077936
2008-09-01,382.54,385.18523136274,0.17019462344518
2008-10-01,383.67,385.133313875522,0.170492886149643
2008-11-01,385.18,385.439628346828,0.170746081088113
2008-12-01,386.27,385.805664138394,0.170934475789105
2009-01-01,387.03,386.102666449184,0.171081039173812
2009-02-01,387.48,386.227020953135,0.171243107167398
2009-03-01,387.71,386.186628692243,0.17147539914808
2009-04-01,387.99,386.230851368611,0.171749915609692
2009-05-01,387.95,386.343518769478,0.172044036591055
2009-06-01,386.96,386.353779831026,0.172391839741216
2009-07-01,385.01,386.167804766043,0.172858554740205
2009-08-01,383.63,386.243891446821,0.173357380188837
2009-09-01,383.93,386.575231362736,0.173803784514987
2009-10-01,385.49,386.953313875498,0.174182405904342
2009-11-01,386.94,387.199628346822,0.174537092725115
2009-12-01,387.84,387.375664138404,0.174891282253728
2010-01-01,388.62,387.692666449196,0.175198317078825
2010-02-01,389.33,388.077020953129,0.17543595054865
2010-03-01,389.68,388.156628692238,0.175705381345856
2010-04-01,389.98,388.22085136861,0.17601180388082
2010-05-01,389.95,388.34351876948,0.176335926938636
2010-06-01,389.01,388.403779831037,0.176698565486201
2010-07-01,387.35,388.507804766042,0.177085318302265
2010-08-01,386.23,388.843891446817,0.1774193119329
2010-09-01,386.7,389.345231362727,0.177645823546126
2010-10-01,388.25,389.713313875495,0.17780914523165
2010-11-01,389.62,389.879628346817,0.177976281033121
2010-12-01,390.34,389.8756641384,0.17820378758784
2011-01-01,390.85,389.922666449196,0.178474828882985
2011-02-01,391.29,390.037020953142,0.17876714632357
2011-03-01,391.66,390.136628692241,0.179085730116714
2011-04-01,392.05,390.290851368609,0.179412563867234
2011-05-01,392.08,390.473518769477,0.179738317610978
2011-06-01,391.14,390.533779831024,0.180103715811909
2011-07-01,389.2,390.357804766045,0.18058726662569
2011-08-01,387.87,390.483891446824,0.181088901602211
2011-09-01,388.27,390.915231362731,0.181507499304949
2011-10-01,389.83,391.293313875494,0.181860870286202
2011-11-01,391.19,391.449628346823,0.182222717969659
2011-12-01,392.02,391.555664138398,0.182609845689175
2012-01-01,392.61,391.682666449199,0.18301542487476
2012-02-01,393.2,391.947020953142,0.183394014457938
2012-03-01,393.72,392.196628692229,0.183750633272305
2012-04-01,393.99,392.230851368608,0.18415686784519
2012-05-01,393.88,392.273518769479,0.184610050877561
2012-06-01,392.84,392.233779831033,0.185137676479131
2012-07-01,391,392.157804766051,0.185751943448612
2012-08-01,389.89,392.503891446826,0.186313008797644
2012-09-01,390.55,393.195231362721,0.186706498172334
2012-10-01,392.16,393.623313875494,0.187019895139549
2012-11-01,393.56,393.819628346821,0.187330208018294
2012-12-01,394.39,393.925664138402,0.187667495679672
2013-01-01,395.07,394.142666449196,0.187995049582006
2013-02-01,395.69,394.437020953144,0.188287311722762
2013-03-01,396.28,394.756628692234,0.188535999653395
2013-04-01,396.74,394.980851368604,0.1887728461761
2013-05-01,396.75,395.143518769485,0.189018354901491
2013-06-01,395.96,395.353779831039,0.189256814958355
2013-07-01,394.48,395.637804766027,0.189463829443058
2013-08-01,393.24,395.853891446799,0.18966201004151
2013-09-01,393.21,395.855231362738,0.189922678911311
2013-10-01,394.5,395.963313875512,0.190210503652191
2013-11-01,395.96,396.219628346822,0.190476394043372
2013-12-01,396.87,396.405664138397,0.190743757897203
2014-01-01,397.51,396.582666449191,0.191015681382125
2014-02-01,397.97,396.717020953138,0.1913064059485
2014-03-01,398.27,396.746628692243,0.191650784708869
2014-04-01,398.63,396.870851368612,0.192017537189914
2014-05-01,398.69,397.083518769474,0.19237743771718
2014-06-01,397.72,397.113779831042,0.192791131041043
2014-07-01,396.13,397.287804766039,0.193211051287755
2014-08-01,395.02,397.633891446799,0.193580244964849
2014-09-01,395.12,397.765231362731,0.193970090974787
2014-10-01,396.38,397.843313875514,0.1943983903296
2014-11-01,397.86,398.119628346824,0.19479950862358
2014-12-01,398.83,398.365664138398,0.195183625902531
2015-01-01,399.56,398.632666449191,0.195543912597552
2015-02-01,400.12,398.86702095314,0.195891321319996
2015-03-01,400.57,399.046628692238,0.196244133194467
2015-04-01,400.96,399.200851368605,0.196610888457838
2015-05-01,400.91,399.303518769485,0.197008815667185
2015-06-01,400.06,399.453779831032,0.197422254526178
2015-07-01,398.38,399.537804766033,0.197873320422543
2015-08-01,397.07,399.683891446817,0.198341569951054
2015-09-01,397.34,399.985231362732,0.198775642987306
2015-10-01,398.8,400.263313875508,0.199183400740571
2015-11-01,400.36,400.619628346836,0.199539019901054
2015-12-01,401.66,401.195664138393,0.199769711433998
2016-01-01,402.61,401.682666449184,0.199905094614014
2016-02-01,403.24,401.987020953144,0.200005819815822
2016-03-01,403.82,402.296628692238,0.200070177354532
2016-04-01,404.34,402.580851368605,0.200106611753272
2016-05-01,404.41,402.803518769483,0.200135560122721
2016-06-01,403.63,403.023779831036,0.200157830530136
2016-07-01,402.11,403.267804766026,0.20016554513336
2016-08-01,400.8,403.413891446812,0.200191203965409
2016-09-01,400.97,403.615231362736,0.200216481636529
2016-10-01,402.41,403.8733138755,0.200222558436544
2016-11-01,403.78,404.039628346826,0.200239886480118
2016-12-01,404.68,404.215664138397,0.200265245828025
2017-01-01,405.32,404.392666449197,0.200298324188422
2017-02-01,405.91,404.657020953137,0.200310147687773
2017-03-01,406.31,404.786628692235,0.200345431372792
2017-04-01,406.6,404.840851368614,0.200429200916085
2017-05-01,406.64,405.033518769483,0.200515545948301
2017-06-01,405.84,405.233779831027,0.200601975422497
2017-07-01,404.1,405.257804766025,0.200746995972099
2017-08-01,402.55,405.163891446819,0.200989789509084
2017-09-01,402.63,405.275231362744,0.201262330302511
2017-10-01,404.15,405.613313875505,0.20148947197945
2017-11-01,405.7,405.959628346825,0.201668558414118
2017-12-01,406.76,406.295664138396,0.201803059659959
2018-01-01,407.53,406.602666449196,0.201902654118137
2018-02-01,408.24,406.987020953138,0.201941708145549
2018-03-01,408.78,407.256628692229,0.201958309505773
2018-04-01,409.08,407.320851368605,0.202020613743604
2018-05-01,408.93,407.323518769489,0.202149066553747
2018-06-01,408.06,407.453779831038,0.202301372949337
2018-07-01,406.49,407.647804766026,0.202456425598912
2018-08-01,405.13,407.74389144681,0.202646773424599
2018-09-01,405.2,407.845231362742,0.20287073647972
2018-10-01,406.66,408.123313875503,0.203069743069124
2018-11-01,408.12,408.379628346829,0.203251082209348
2018-12-01,409.19,408.725664138394,0.203385043108026
2019-01-01,409.93,409.002666449184,0.203494576624348
2019-02-01,410.35,409.097020953152,0.2036403245557
2019-03-01,410.9,409.376628692236,0.203760865288526
2019-04-01,411.35,409.590851368605,0.203877934625749
2019-05-01,411.36,409.753518769484,0.204008678274674
2019-06-01,410.54,409.933779831032,0.204147301761198
2019-07-01,408.88,410.037804766036,0.204319147444257
2019-08-01,407.64,410.253891446814,0.204487088472265
2019-09-01,407.93,410.575231362734,0.204616255870315
2019-10-01,409.44,410.9033138755,0.204704455197146
2019-11-01,410.87,411.129628346822,0.204785483976315
2019-12-01,411.76,411.295664138399,0.204879370520819
2020-01-01,412.43,411.502666449192,0.204972552639916
2020-02-01,412.95,411.697020953144,0.205069257996745
2020-03-01,413.44,411.916628692237,0.205161139253905
2020-04-01,413.86,412.100851368604,0.205259968226662
2020-05-01,413.81,412.203518769481,0.205392839047868
2020-06-01,412.88,412.273779831034,0.205570548745894
2020-07-01,411.17,412.327804766029,0.205798543693132
2020-08-01,409.73,412.343891446823,0.206089488059148
2020-09-01,410,412.645231362742,0.20634882681558
2020-10-01,411.66,413.1233138755,0.206518000005498
2020-11-01,413.25,413.509628346815,0.206627513861548
2020-12-01,414.14,413.675664138395,0.206750496697796
2021-01-01,414.73,413.802666449193,0.20689994125275
2021-02-01,415.2,413.947020953137,0.207070139380335
2021-03-01,415.49,413.966628692242,0.207302540519161
2021-04-01,415.81,414.05085136862,0.207575781517934
2021-05-01,416.01,414.403518769475,0.207800878805674
2021-06-01,415.2,414.593779831027,0.208031796084239
2021-07-01,413.45,414.607804766037,0.20832708793041
2021-08-01,412.15,414.763891446814,0.208639713976018
2021-09-01,412.38,415.025231362734,0.208934853254952
2021-10-01,413.83,415.293313875518,0.209210366398057
2021-11-01,415.58,415.839628346813,0.209374023028095
2021-12-01,416.6,416.135664138389,0.209508923902552
2022-01-01,417.18,416.252666449193,0.209674519945138
2022-02-01,417.64,416.387020953149,0.2098651083691
2022-03-01,418.16,416.636628692236,0.210042509554971
2022-04-01,418.58,416.8208513686,0.210228478172882
2022-05-01,418.45,416.84351876948,0.210476682544639
2022-06-01,417.42,416.813779831037,0.210804594286782
2022-07-01,415.66,416.817804766039,0.211201118814486
2022-08-01,414.39,417.003891446813,0.211605976712878
2022-09-01,414.62,417.265231362737,0.211994332097832
2022-10-01,416.14,417.603313875512,0.212340849415481
2022-11-01,417.84,418.099628346818,0.21259313976085
2022-12-01,418.91,418.445664138381,0.212801151708217
2023-01-01,419.37,418.44266644919,0.213080769149305
2023-02-01,419.65,418.397020953148,0.213446236087455
2023-03-01,419.98,418.456628692249,0.213862749090006
2023-04-01,420.49,418.730851368605,0.214259233706979
2023-05-01,420.57,418.963518769472,0.214649610200792
2023-06-01,419.58,418.97377983104,0.215107806071553
2023-07-01,417.92,419.077804766041,0.215602861008813
2023-08-01,416.78,419.393891446815,0.216064573813672
2023-09-01,417.18,419.825231362736,0.216454854830049
2023-10-01,418.84,420.303313875499,0.216758323621023
2023-11-01,420.4,420.659628346826,0.217015485458649
2023-12-01,421.5,421.035664138391,0.217219881825046
2024-01-01,422.21,421.282666449193,0.217414395906986
2024-02-01,422.8,421.547020953147,0.217593334513182
2024-03-01,423.41,421.886628692234,0.217731786795892
2024-04-01,423.88,422.120851368606,0.217864767138692
2024-05-01,423.94,422.333518769486,0.217999472050425
2024-06-01,423.22,422.613779831029,0.218113517574755
2024-07-01,421.6,422.75780476603,0.218252146871232
2024-08-01,420.27,422.88389144682,0.218421358137822
2024-09-01,420.59,423.235231362744,0.218546464909155
2024-10-01,422.34,423.803313875502,0.218555590050672
2024-11-01,424.06,424.319628346821,0.218465914051207
2024-12-01,425.21,424.745664138394,0.218307363059181
2025-01-01,426.04,425.112666449179,0.21809947271435
2025-02-01,426.45,425.197020953132,0.217935961081106
2025-03-01,426.58,425.056628692251,0.217891348461134
2025-04-01,426.93,425.170851368608,0.217881134758313
2025-05-01,426.9,425.293518769475,0.217902514489433
2025-06-01,425.86,425.253779831043,0.218009383759621
2025-07-01,424.22,425.377804766038,0.218147438567357
2025-08-01,423.04,425.653891446803,0.218266268211389
2025-09-01,423.15,425.795231362745,0.218410623244768
2025-10-01,424.72,426.183313875512,0.21849867844183
2025-11-01,426.47,426.729628346807,0.218477959135752
2025-12-01,427.35,426.8856641384,0.218477959135752
