"zone","type","var","p_x_to_co2","p_co2_to_x","sens"
"austral","bande","T2m",0.182956111880657,0.0580740833351373,"none"
"austral","bande","T500",0.0898329685584729,0.0293960063370012,"CO2 -> X"
"austral","bande","SPFH2m",0.241272689508984,0.168588489378257,"none"
"austral","bande","PWAT",0.286734128273992,0.0637314540325086,"none"
"austral","bande","APCP",0.152839568686671,0.623765215383689,"none"
"austral","bande","TCDC",0.175099990829791,0.284259397891656,"none"
"austral","bande","DLWRF",0.0706182826598982,0.0455951656012824,"CO2 -> X"
"austral","bande","ULWRF",0.217027301286763,0.0802153603906036,"none"
"austral","bande","DSWRF",0.763598378264869,0.481159057245963,"none"
"austral","bande","USWRF",0.580911699594048,0.679176471156099,"none"
"austral","bande","PRMSL",0.305483476408722,0.845561296288359,"none"
"austral","bande","CSDSF",0.849816665762152,0.53818422695479,"none"
"austral","bande","CSUSF",0.490139740548866,0.68956816715264,"none"
"austral","bande","CSDLF",0.138558095982512,0.133932695701384,"none"
"austral","bande","CSULF",0.217436078222386,0.0826063676879459,"none"
"austral","bande","CDUVB",0.648876331840783,0.737392785228186,"none"
"austral","bande","DUVB",0.61504269419844,0.814382403006127,"none"
"austral","bande","ALBDO",0.438006478922557,0.774947082882006,"none"
"boreal","bande","T2m",0.0126788448832163,0.438697006431631,"X -> CO2"
"boreal","bande","T500",0.044669965521169,0.00260946820869932,"bidirectional"
"boreal","bande","SPFH2m",0.00321370057663395,0.754699119402568,"X -> CO2"
"boreal","bande","PWAT",0.00273700591813757,0.543614278812642,"X -> CO2"
"boreal","bande","APCP",0.361558037406946,0.193511351022106,"none"
"boreal","bande","TCDC",0.357833335362664,0.142719587399137,"none"
"boreal","bande","DLWRF",0.00313128753610889,0.718659555485294,"X -> CO2"
"boreal","bande","ULWRF",0.0106544155171223,0.572287296085494,"X -> CO2"
"boreal","bande","DSWRF",0.243923420509371,0.582428499160531,"none"
"boreal","bande","USWRF",0.000366136359601999,0.332504639811765,"X -> CO2"
"boreal","bande","PRMSL",0.0506617942124186,0.0232924979521839,"CO2 -> X"
"boreal","bande","CSDSF",0.692598432821348,0.876730969339368,"none"
"boreal","bande","CSUSF",0.000669810741387145,0.399192089516832,"X -> CO2"
"boreal","bande","CSDLF",0.00336521380827822,0.422852170824279,"X -> CO2"
"boreal","bande","CSULF",0.010708562064266,0.578039217247389,"X -> CO2"
"boreal","bande","CDUVB",0.308517486687512,0.976043266402075,"none"
"boreal","bande","DUVB",0.136871477407587,0.588060066656864,"none"
"boreal","bande","ALBDO",0.00238081629454529,0.467565819608451,"X -> CO2"
"global","bande","T2m",4.93087738161891e-05,0.0528298664233205,"X -> CO2"
"global","bande","T500",3.93220599838852e-08,0.000340049262532876,"bidirectional"
"global","bande","SPFH2m",2.80192705294244e-08,0.0133565646813208,"bidirectional"
"global","bande","PWAT",9.37787932368662e-08,0.0551601665473885,"X -> CO2"
"global","bande","APCP",0.144659823901308,0.0170677935904592,"CO2 -> X"
"global","bande","TCDC",0.0706743243624609,0.0746532006613754,"none"
"global","bande","DLWRF",6.7631655539771e-07,0.0597899307783059,"X -> CO2"
"global","bande","ULWRF",2.29962963758534e-06,0.0865487416352947,"X -> CO2"
"global","bande","DSWRF",0.183856722689879,0.148819822078869,"none"
"global","bande","USWRF",0.00220312268865697,0.080179736177618,"X -> CO2"
"global","bande","PRMSL",0.000739741683719504,0.528908872044991,"X -> CO2"
"global","bande","CSDSF",0.0275209336369895,0.704555546627205,"X -> CO2"
"global","bande","CSUSF",0.00865291263767174,0.255891701159837,"X -> CO2"
"global","bande","CSDLF",1.27788599312717e-07,0.0638352580143741,"X -> CO2"
"global","bande","CSULF",2.33496351263061e-06,0.0887394147786228,"X -> CO2"
"global","bande","CDUVB",0.154020617170971,0.98987062182745,"none"
"global","bande","DUVB",0.456676770411229,0.324908824778702,"none"
"global","bande","ALBDO",0.340522157011262,0.166517528975217,"none"
"temperate_N","bande","T2m",0.0131867191252418,0.302875034291581,"X -> CO2"
"temperate_N","bande","T500",0.782814764738818,0.0337931284507342,"CO2 -> X"
"temperate_N","bande","SPFH2m",0.0901832413909234,0.0576335177890752,"none"
"temperate_N","bande","PWAT",0.196139504028266,0.0717656565825834,"none"
"temperate_N","bande","APCP",0.000590886934808201,1.78385649062405e-05,"bidirectional"
"temperate_N","bande","TCDC",0.00280167261807625,0.015048159661646,"bidirectional"
"temperate_N","bande","DLWRF",0.0978698366322316,0.0425416137359552,"CO2 -> X"
"temperate_N","bande","ULWRF",0.0231890192283429,0.13744069644723,"X -> CO2"
"temperate_N","bande","DSWRF",0.326058701775806,0.217278718882917,"none"
"temperate_N","bande","USWRF",8.24320035515758e-05,0.0544136606536256,"X -> CO2"
"temperate_N","bande","PRMSL",0.00141892273446198,0.0487593613804786,"bidirectional"
"temperate_N","bande","CSDSF",0.890968154438447,0.231846931306012,"none"
"temperate_N","bande","CSUSF",0.000451195410142202,0.0930395284164824,"X -> CO2"
"temperate_N","bande","CSDLF",0.0395042724713299,0.159972729152318,"X -> CO2"
"temperate_N","bande","CSULF",0.0227875726964568,0.138455253793593,"X -> CO2"
"temperate_N","bande","CDUVB",0.918344424369369,0.95017634477472,"none"
"temperate_N","bande","DUVB",0.318581609136211,0.305517870820996,"none"
"temperate_N","bande","ALBDO",0.00215014148753626,0.00830999437967676,"bidirectional"
"temperate_S","bande","T2m",0.295831665479713,0.0272532331531924,"CO2 -> X"
"temperate_S","bande","T500",0.507461385657482,0.480673964232811,"none"
"temperate_S","bande","SPFH2m",0.459655939145007,0.230321445148448,"none"
"temperate_S","bande","PWAT",0.36798047442826,0.919024793686507,"none"
"temperate_S","bande","APCP",0.396994959576208,0.695325825459298,"none"
"temperate_S","bande","TCDC",0.000236788464220468,0.528289746450011,"X -> CO2"
"temperate_S","bande","DLWRF",0.0175283761702794,0.914597033787246,"X -> CO2"
"temperate_S","bande","ULWRF",0.0822686706479326,0.239676111817359,"none"
"temperate_S","bande","DSWRF",0.0679263264965616,0.969663173985598,"none"
"temperate_S","bande","USWRF",0.0171998154932066,0.783250278697246,"X -> CO2"
"temperate_S","bande","PRMSL",0.381454557273331,0.444070267375026,"none"
"temperate_S","bande","CSDSF",0.83593841813553,0.948287995984952,"none"
"temperate_S","bande","CSUSF",0.11814647712356,0.430240204710776,"none"
"temperate_S","bande","CSDLF",0.370128381391628,0.434349962630342,"none"
"temperate_S","bande","CSULF",0.0829921444248194,0.244172222101454,"none"
"temperate_S","bande","CDUVB",0.986976307961444,0.660389962653911,"none"
"temperate_S","bande","DUVB",0.129902904489416,0.938556890854232,"none"
"temperate_S","bande","ALBDO",0.104055746766231,0.309594083826965,"none"
"tropical","bande","T2m",3.65259347013519e-12,0.00316963646058796,"bidirectional"
"tropical","bande","T500",9.40246452370933e-14,0.000106799593669737,"bidirectional"
"tropical","bande","SPFH2m",3.3501197836959e-10,0.00127034164030157,"bidirectional"
"tropical","bande","PWAT",2.49800281661892e-09,0.00954302996535113,"bidirectional"
"tropical","bande","APCP",0.00264544482515689,0.0435334176203092,"bidirectional"
"tropical","bande","TCDC",0.403228980379299,0.318947514981376,"none"
"tropical","bande","DLWRF",3.86454480079281e-09,0.00757836710223261,"bidirectional"
"tropical","bande","ULWRF",3.45558807027642e-11,0.00785713137460992,"bidirectional"
"tropical","bande","DSWRF",0.0918625667145752,0.500868743775624,"none"
"tropical","bande","USWRF",0.0861020493928345,0.972224061591372,"none"
"tropical","bande","PRMSL",0.00213468654074565,0.109860808016881,"X -> CO2"
"tropical","bande","CSDSF",0.330734329016268,0.132781694349244,"none"
"tropical","bande","CSUSF",0.0477853717191689,0.297149889081398,"X -> CO2"
"tropical","bande","CSDLF",4.88635409613222e-11,0.00539133006010602,"bidirectional"
"tropical","bande","CSULF",3.5398753976376e-11,0.00758036424634134,"bidirectional"
"tropical","bande","CDUVB",0.783254136368886,0.299272625734666,"none"
"tropical","bande","DUVB",0.436668573702737,0.709210298584019,"none"
"tropical","bande","ALBDO",0.697921050668519,0.361757715015575,"none"
"Amazonie","hotspot","T2m",2.1412921785881e-10,0.000846385620721776,"bidirectional"
"Amazonie","hotspot","PWAT",0.391429902269376,0.0223620871401008,"CO2 -> X"
"Amazonie","hotspot","APCP",2.44509322297844e-06,0.00195172034804225,"bidirectional"
"Amazonie","hotspot","TCDC",3.24356430689493e-05,0.000432799097061356,"bidirectional"
"Indonesie","hotspot","T2m",2.07933498017928e-05,3.28906272762469e-06,"bidirectional"
"Indonesie","hotspot","PWAT",0.000125946823799933,0.000757925023059996,"bidirectional"
"Indonesie","hotspot","APCP",0.000119538655242633,0.0832163865947034,"X -> CO2"
"Indonesie","hotspot","TCDC",1.46062261190695e-05,0.0356347676054286,"bidirectional"
"Siberie","hotspot","T2m",0.000295994841897773,0.927635865817806,"X -> CO2"
"Siberie","hotspot","PWAT",0.0391108366489085,0.840846111012081,"X -> CO2"
"Siberie","hotspot","APCP",0.189574395012131,0.945868988457933,"none"
"Siberie","hotspot","TCDC",0.304553029407975,0.995812855598903,"none"
"Sahel","hotspot","T2m",0.0806189864634811,0.077171459872736,"none"
"Sahel","hotspot","PWAT",0.0547036784506471,0.333115350109435,"none"
"Sahel","hotspot","APCP",0.528930781100157,0.351432112418703,"none"
"Sahel","hotspot","TCDC",0.94722560325406,0.182954402145826,"none"
