"band","var","mean","sd"
"Australe (90-60°S)","ALBDO",33.2529678750762,19.4114670153161
"Australe (90-60°S)","APCP",0.282435578726572,0.0340088903274395
"Australe (90-60°S)","CDUVB",2.32318565181705,2.34797508148506
"Australe (90-60°S)","CSDLF",168.393180090823,15.3166998265548
"Australe (90-60°S)","CSDSF",152.573708777952,147.228438838618
"Australe (90-60°S)","CSULF",251.860265399521,18.3193414138597
"Australe (90-60°S)","CSUSF",83.14603670191,82.909302552671
"Australe (90-60°S)","DLWRF",207.331564475644,16.0363717868956
"Australe (90-60°S)","DSWRF",122.076749573019,121.136750726871
"Australe (90-60°S)","DUVB",2.06161464911649,2.10416006036808
"Australe (90-60°S)","PRMSL",99186.542096952,410.720698767308
"Australe (90-60°S)","PWAT",4.41740481323296,1.07250303271393
"Australe (90-60°S)","SPFH2m",0.001667706276231,0.000454684002921968
"Australe (90-60°S)","T2m",256.91324976907,4.94828915870327
"Australe (90-60°S)","T500",238.561281911406,2.75254158631041
"Australe (90-60°S)","TCDC",74.7770382962303,4.04896314017469
"Australe (90-60°S)","ULWRF",251.873355641356,18.3143927434231
"Australe (90-60°S)","USWRF",72.2135619746228,73.5717476587091
"Tempérée S (60-30°S)","ALBDO",5.41683076453516,0.736964360856768
"Tempérée S (60-30°S)","APCP",0.529248874824611,0.0660359195771608
"Tempérée S (60-30°S)","CDUVB",3.36641739742677,1.82176994076937
"Tempérée S (60-30°S)","CSDLF",280.478563486871,12.6286428319149
"Tempérée S (60-30°S)","CSDSF",223.979683874302,107.095331790347
"Tempérée S (60-30°S)","CSULF",371.893687447393,8.82532269312852
"Tempérée S (60-30°S)","CSUSF",18.3171135114872,7.12205454725234
"Tempérée S (60-30°S)","DLWRF",325.311114872257,9.79915959871215
"Tempérée S (60-30°S)","DSWRF",145.373138459452,74.0523645963291
"Tempérée S (60-30°S)","DUVB",2.46350604107134,1.37013693541664
"Tempérée S (60-30°S)","PRMSL",100943.041837335,119.725809574357
"Tempérée S (60-30°S)","PWAT",16.0199100838931,2.65242836568272
"Tempérée S (60-30°S)","SPFH2m",0.00672916849790076,0.00086628464282361
"Tempérée S (60-30°S)","T2m",283.818129119222,1.82857440328155
"Tempérée S (60-30°S)","T500",252.792185113921,3.0722619692742
"Tempérée S (60-30°S)","TCDC",75.0872120564233,2.87221153752573
"Tempérée S (60-30°S)","ULWRF",371.886575447493,8.82863980529554
"Tempérée S (60-30°S)","USWRF",11.2844516660728,5.14072381895106
"Tropicale (30°S-30°N)","ALBDO",7.15715553747577,0.0888238397766036
"Tropicale (30°S-30°N)","APCP",0.615681059415045,0.0317898250127977
"Tropicale (30°S-30°N)","CDUVB",4.90402960692333,0.231077664318315
"Tropicale (30°S-30°N)","CSDLF",375.679158866229,3.96326980857297
"Tropicale (30°S-30°N)","CSDSF",288.483916123926,11.2815512891741
"Tropicale (30°S-30°N)","CSULF",451.49696928285,2.69488023193155
"Tropicale (30°S-30°N)","CSUSF",27.9332678284508,0.756328886062418
"Tropicale (30°S-30°N)","DLWRF",387.926030234829,3.59279193497253
"Tropicale (30°S-30°N)","DSWRF",244.163274027992,11.013608483555
"Tropicale (30°S-30°N)","DUVB",4.30600529882774,0.221464534049965
"Tropicale (30°S-30°N)","PRMSL",101308.782085361,53.407474051577
"Tropicale (30°S-30°N)","PWAT",35.6326880433496,1.36777303366025
"Tropicale (30°S-30°N)","SPFH2m",0.0143157513728336,0.000345139867792838
"Tropicale (30°S-30°N)","T2m",297.79562976825,0.450297893275855
"Tropicale (30°S-30°N)","T500",266.800341540905,0.491278794285769
"Tropicale (30°S-30°N)","TCDC",50.0617314280884,4.81449004428964
"Tropicale (30°S-30°N)","ULWRF",451.500313447802,2.68525318811597
"Tropicale (30°S-30°N)","USWRF",23.4887264956329,0.837252616650513
"Tempérée N (30-60°N)","ALBDO",11.3320533045837,2.05803982448101
"Tempérée N (30-60°N)","APCP",0.47297844058759,0.042623563650927
"Tempérée N (30-60°N)","CDUVB",3.30456879508104,1.61196139644596
"Tempérée N (30-60°N)","CSDLF",278.511287758474,36.5162599994144
"Tempérée N (30-60°N)","CSDSF",221.934711757533,94.5582326650054
"Tempérée N (30-60°N)","CSULF",369.80741131297,32.7093108029309
"Tempérée N (30-60°N)","CSUSF",34.6710165671351,10.7218259186869
"Tempérée N (30-60°N)","DLWRF",310.235446473757,30.7838110068357
"Tempérée N (30-60°N)","DSWRF",164.87369660768,71.9265846332409
"Tempérée N (30-60°N)","DUVB",2.65174231994214,1.29279654143956
"Tempérée N (30-60°N)","PRMSL",101546.714587983,173.885380051414
"Tempérée N (30-60°N)","PWAT",16.5017937962947,6.04629081805336
"Tempérée N (30-60°N)","SPFH2m",0.00651859418822721,0.00210153817308604
"Tempérée N (30-60°N)","T2m",282.88226185566,6.76591637829737
"Tempérée N (30-60°N)","T500",254.528532332641,5.57122341774097
"Tempérée N (30-60°N)","TCDC",63.2275298935343,6.41272727445792
"Tempérée N (30-60°N)","ULWRF",369.827473879662,32.6942016444889
"Tempérée N (30-60°N)","USWRF",26.1581169194091,8.15789093927112
"Boréale (60-90°N)","ALBDO",25.8547356595332,14.4820985861285
"Boréale (60-90°N)","APCP",0.282665882259413,0.0569894078629408
"Boréale (60-90°N)","CDUVB",1.95505000728929,1.8957432438977
"Boréale (60-90°N)","CSDLF",204.589438935911,39.0815847462132
"Boréale (60-90°N)","CSDSF",140.513811583873,129.188289461428
"Boréale (60-90°N)","CSULF",285.603231571382,42.2051061728447
"Boréale (60-90°N)","CSUSF",56.3119239160239,53.2438429326287
"Boréale (60-90°N)","DLWRF",245.451746353732,43.5618224826611
"Boréale (60-90°N)","DSWRF",97.8638914271388,90.334691611294
"Boréale (60-90°N)","DUVB",1.56025853857482,1.50603985332853
"Boréale (60-90°N)","PRMSL",101272.481888265,323.172700267687
"Boréale (60-90°N)","PWAT",7.84003744268283,4.54507544907563
"Boréale (60-90°N)","SPFH2m",0.00263917827235339,0.00152697181779452
"Boréale (60-90°N)","T2m",265.179796415432,10.2496756495332
"Boréale (60-90°N)","T500",243.092322153197,6.51063349891167
"Boréale (60-90°N)","TCDC",78.263858333443,2.98546404176588
"Boréale (60-90°N)","ULWRF",285.565593643081,42.2411261191979
"Boréale (60-90°N)","USWRF",41.7454175600325,40.8328355252321
"Global","ALBDO",10.5524952066963,0.984747080623822
"Global","APCP",0.530025236168308,0.0200447945516042
"Global","CDUVB",3.96801470368802,0.138743365072613
"Global","CSDLF",315.693282382512,7.25101620143789
"Global","CSDSF",245.897417406641,7.17645406523779
"Global","CSULF",398.019968778834,6.85054430021663
"Global","CSUSF",32.9171606181813,2.95891379269855
"Global","DLWRF",341.071295445009,7.09904688143147
"Global","DSWRF",194.028948614381,5.87566903053397
"Global","DUVB",3.34001333645497,0.116321080424924
"Global","PRMSL",101143.253547389,14.7927575078257
"Global","PWAT",24.6846286425802,1.35171734134255
"Global","SPFH2m",0.00990970996393833,0.000391943476686937
"Global","T2m",287.68803251027,1.39903031960196
"Global","T500",258.588631219246,0.897513851380041
"Global","TCDC",60.5077945896928,2.30446378479852
"Global","ULWRF",398.022395669063,6.84066773727972
"Global","USWRF",26.1651811186856,2.84552443149136
