"date","year","month","CRE_SW","CRE_LW","CRE_net"
1979-01-01,1979,1,-47.812233131131,25.018751051293,-22.793482079838
1979-02-01,1979,2,-47.1885961479754,25.473964508522,-21.7146316394534
1979-03-01,1979,3,-44.9392086776681,26.011831794927,-18.927376882741
1979-04-01,1979,4,-41.87061027385,25.795461516785,-16.075148757065
1979-05-01,1979,5,-42.2000728714559,26.116050015495,-16.0840228559609
1979-06-01,1979,6,-43.6747807619845,25.9076889143329,-17.7670918476516
1979-07-01,1979,7,-44.9263263532301,25.811836900719,-19.1144894525112
1979-08-01,1979,8,-46.194410529046,26.357937275163,-19.836473253883
1979-09-01,1979,9,-46.6799748763063,26.19952215824,-20.4804527180663
1979-10-01,1979,10,-47.5012154380854,26.574715543154,-20.9264998949314
1979-11-01,1979,11,-47.5254696721188,26.235011042007,-21.2904586301118
1979-12-01,1979,12,-47.8885111846429,25.763798925136,-22.1247122595069
1980-01-01,1980,1,-48.3371874791489,25.1593867322391,-23.1778007469099
1980-02-01,1980,2,-47.9875976482873,25.35356869249,-22.6340289557973
1980-03-01,1980,3,-44.7910486939402,25.708682298874,-19.0823663950662
1980-04-01,1980,4,-42.5788515998545,25.736229006749,-16.8426225931055
1980-05-01,1980,5,-42.085240867703,26.150285698114,-15.934955169589
1980-06-01,1980,6,-43.6687129268046,26.288778432177,-17.3799344946276
1980-07-01,1980,7,-46.0453472981658,26.541671518624,-19.5036757795418
1980-08-01,1980,8,-47.4674175729015,26.562697557568,-20.9047200153335
1980-09-01,1980,9,-46.1354170057074,26.108614097348,-20.0268029083593
1980-10-01,1980,10,-47.7709081857613,26.853247050672,-20.9176611350893
1980-11-01,1980,11,-47.0063504197549,25.869042306771,-21.1373081129839
1980-12-01,1980,12,-47.4350205802789,25.3870259869631,-22.0479945933158
1981-01-01,1981,1,-48.4475150695658,25.272601288246,-23.1749137813198
1981-02-01,1981,2,-49.0070083693036,25.902080848012,-23.1049275212916
1981-03-01,1981,3,-45.0025717791584,25.420629125338,-19.5819426538204
1981-04-01,1981,4,-42.2985738495457,25.572425433335,-16.7261484162107
1981-05-01,1981,5,-41.5823479287609,25.882403731572,-15.6999441971889
1981-06-01,1981,6,-42.6579337821779,25.966578859625,-16.6913549225529
1981-07-01,1981,7,-45.5340227739666,26.07065712988,-19.4633656440866
1981-08-01,1981,8,-45.1033425279166,25.451757017724,-19.6515855101926
1981-09-01,1981,9,-44.2885901951929,25.096105118871,-19.1924850763219
1981-10-01,1981,10,-45.9809966748563,25.776220026762,-20.2047766480944
1981-11-01,1981,11,-49.3777489507472,26.418228585055,-22.9595203656922
1981-12-01,1981,12,-50.0612511711049,25.679661840465,-24.3815893306399
1982-01-01,1982,1,-49.1691151199331,25.269135760872,-23.8999793590611
1982-02-01,1982,2,-48.609707512701,25.8464373840711,-22.7632701286299
1982-03-01,1982,3,-47.1558194013056,26.393867977233,-20.7619514240725
1982-04-01,1982,4,-43.535022452288,26.4163934237239,-17.118629028564
1982-05-01,1982,5,-41.714400794143,25.803740062866,-15.910660731277
1982-06-01,1982,6,-42.9120959899566,26.420018171237,-16.4920778187196
1982-07-01,1982,7,-43.1844376208363,25.485030553303,-17.6994070675333
1982-08-01,1982,8,-45.8045441538244,26.344405294782,-19.4601388590425
1982-09-01,1982,9,-45.5777504589869,26.515659682636,-19.0620907763509
1982-10-01,1982,10,-44.6862800874343,26.18719234974,-18.4990877376943
1982-11-01,1982,11,-46.6934997339513,26.043337097609,-20.6501626363423
1982-12-01,1982,12,-46.7371903795467,25.720875219792,-21.0163151597546
1983-01-01,1983,1,-48.10406177292,25.506470830163,-22.597590942757
1983-02-01,1983,2,-45.8293284278966,24.599063381262,-21.2302650466346
1983-03-01,1983,3,-44.4704240063,25.6724532006079,-18.797970805692
1983-04-01,1983,4,-42.3691074438396,25.95941565676,-16.4096917870796
1983-05-01,1983,5,-42.1251834312699,26.305962405891,-15.8192210253789
1983-06-01,1983,6,-42.8041648243041,26.0536993991699,-16.7504654251341
1983-07-01,1983,7,-45.4454062328036,26.409076012634,-19.0363302201696
1983-08-01,1983,8,-45.8490291389862,26.4173297976189,-19.4316993413672
1983-09-01,1983,9,-45.5577830143253,26.0483896208079,-19.5093933935173
1983-10-01,1983,10,-46.5846177286634,26.333476686586,-20.2511410420774
1983-11-01,1983,11,-47.6583953099616,26.17780101317,-21.4805942967916
1983-12-01,1983,12,-47.2358995020495,25.227098271457,-22.0088012305925
1984-01-01,1984,1,-47.2937939508981,25.268467393576,-22.0253265573221
1984-02-01,1984,2,-47.1065536498932,25.416252156153,-21.6903014937403
1984-03-01,1984,3,-45.0125927121845,26.136013853393,-18.8765788587915
1984-04-01,1984,4,-42.6758878714896,26.091958132765,-16.5839297387246
1984-05-01,1984,5,-41.9219097118794,25.8998311383,-16.0220785735794
1984-06-01,1984,6,-43.5231053468934,25.753743995933,-17.7693613509605
1984-07-01,1984,7,-44.7012477578436,26.402532582924,-18.2987151749196
1984-08-01,1984,8,-44.3834100814876,25.7600348261241,-18.6233752553635
1984-09-01,1984,9,-43.8832642334577,25.719895237436,-18.1633689960217
1984-10-01,1984,10,-46.9562209166297,26.537112077956,-20.4191088386738
1984-11-01,1984,11,-46.1738491616046,25.526488132512,-20.6473610290926
1984-12-01,1984,12,-49.2983936111035,26.4550694490629,-22.8433241620405
1985-01-01,1985,1,-47.5260265773203,25.065592141957,-22.4604344353633
1985-02-01,1985,2,-47.0034742391635,25.4546115919329,-21.5488626472306
1985-03-01,1985,3,-45.5899526005938,26.303139422639,-19.2868131779548
1985-04-01,1985,4,-43.5233802860478,26.365991350378,-17.1573889356698
1985-05-01,1985,5,-41.517542356769,26.255125703356,-15.262416653413
1985-06-01,1985,6,-42.82174123668,25.97446840308,-16.8472728335999
1985-07-01,1985,7,-44.4657384061605,26.802594559321,-17.6631438468395
1985-08-01,1985,8,-46.8547472469849,26.569922856188,-20.2848243907969
1985-09-01,1985,9,-47.2994141876342,26.951354007548,-20.3480601800862
1985-10-01,1985,10,-47.6113678294362,26.847678200168,-20.7636896292682
1985-11-01,1985,11,-47.2841216499498,26.459640835013,-20.8244808149368
1985-12-01,1985,12,-48.1148110309964,25.246166200842,-22.8686448301544
1986-01-01,1986,1,-48.1801169318729,24.8598968903551,-23.3202200415178
1986-02-01,1986,2,-45.8691368892189,24.665835700563,-21.203301188656
1986-03-01,1986,3,-44.0963954989763,25.8570293364731,-18.2393661625032
1986-04-01,1986,4,-42.4459980597781,25.851092690827,-16.5949053689511
1986-05-01,1986,5,-40.8926624436011,25.691522102919,-15.2011403406822
1986-06-01,1986,6,-43.5548023371384,26.289436892141,-17.2653654449974
1986-07-01,1986,7,-45.0913669218561,26.163016000468,-18.9283509213881
1986-08-01,1986,8,-45.6144442658851,26.037027200119,-19.5774170657662
1986-09-01,1986,9,-45.579250000874,25.891748534767,-19.687501466107
1986-10-01,1986,10,-46.1657055292548,26.175893093671,-19.9898124355838
1986-11-01,1986,11,-48.7435795773231,26.7750216271399,-21.9685579501831
1986-12-01,1986,12,-49.2099661628989,25.715884672445,-23.4940814904539
1987-01-01,1987,1,-48.5755828813769,25.200497326889,-23.3750855544879
1987-02-01,1987,2,-47.0587653796992,24.864620384023,-22.1941449956762
1987-03-01,1987,3,-43.6136533153242,25.328182506158,-18.2854708091662
1987-04-01,1987,4,-42.480062964157,25.5689872117711,-16.911075752386
1987-05-01,1987,5,-41.251260394555,25.6499539079539,-15.6013064866011
1987-06-01,1987,6,-42.9537256390987,25.675335191475,-17.2783904476237
1987-07-01,1987,7,-44.8943856655527,26.085914804103,-18.8084708614497
1987-08-01,1987,8,-46.1678026850139,26.684630641709,-19.483172043305
1987-09-01,1987,9,-45.7635548349784,25.91307055746,-19.8504842775184
1987-10-01,1987,10,-47.2812043307196,26.5616414809701,-20.7195628497495
1987-11-01,1987,11,-48.9134031374536,26.203770967412,-22.7096321700417
1987-12-01,1987,12,-50.0211525915075,26.009994371113,-24.0111582203945
1988-01-01,1988,1,-49.7865191873303,25.74595488759,-24.0405642997403
1988-02-01,1988,2,-47.8223378942157,25.356596498311,-22.4657413959047
1988-03-01,1988,3,-44.7051095691384,25.686300343037,-19.0188092261014
1988-04-01,1988,4,-42.3862911397031,25.786597418518,-16.5996937211851
1988-05-01,1988,5,-42.1565920642156,26.100041621313,-16.0565504429026
1988-06-01,1988,6,-43.7864815855234,25.919221235869,-17.8672603496544
1988-07-01,1988,7,-45.5604947178499,26.175556732871,-19.3849379849789
1988-08-01,1988,8,-47.5484640914808,26.6153876000699,-20.9330764914108
1988-09-01,1988,9,-47.3533494602487,26.606094027307,-20.7472554329417
1988-10-01,1988,10,-46.5709077824749,26.017884377836,-20.5530234046389
1988-11-01,1988,11,-49.0851317568236,26.377473160121,-22.7076585967026
1988-12-01,1988,12,-50.7345520505659,26.317069870346,-24.41748218022
1989-01-01,1989,1,-48.7619251607533,25.369989483583,-23.3919356771703
1989-02-01,1989,2,-48.2664253207683,25.804358387835,-22.4620669329333
1989-03-01,1989,3,-44.4388345720738,25.443954231761,-18.9948803403128
1989-04-01,1989,4,-42.4449121772842,25.794222777263,-16.6506894000213
1989-05-01,1989,5,-42.1301547497805,26.165816303399,-15.9643384463815
1989-06-01,1989,6,-43.2255991897766,26.384207920978,-16.8413912687986
1989-07-01,1989,7,-43.9396310703191,25.633195087358,-18.3064359829611
1989-08-01,1989,8,-46.0619288890225,25.852396830116,-20.2095320589065
1989-09-01,1989,9,-45.7722987637088,25.9057794254661,-19.8665193382427
1989-10-01,1989,10,-47.1417017124801,26.404894464449,-20.7368072480311
1989-11-01,1989,11,-48.2757225848849,26.161974699657,-22.1137478852279
1989-12-01,1989,12,-50.1290210666312,25.920610767746,-24.2084102988852
1990-01-01,1990,1,-50.7185209259155,25.920743045665,-24.7977778802505
1990-02-01,1990,2,-47.9419233590567,25.600842048626,-22.3410813104307
1990-03-01,1990,3,-45.649386147812,26.067350145516,-19.582036002296
1990-04-01,1990,4,-43.0942850174458,25.967558509938,-17.1267265075078
1990-05-01,1990,5,-41.9827288145655,25.8756007205409,-16.1071280940246
1990-06-01,1990,6,-44.1069816652652,25.963384579596,-18.1435970856692
1990-07-01,1990,7,-44.4827420393079,25.51222046852,-18.9705215707879
1990-08-01,1990,8,-45.3588600863275,26.1598435505019,-19.1990165358256
1990-09-01,1990,9,-46.3834990475015,26.358463295667,-20.0250357518345
1990-10-01,1990,10,-47.1812804469911,26.071871431547,-21.1094090154441
1990-11-01,1990,11,-49.1984629314507,26.458099629388,-22.7403633020627
1990-12-01,1990,12,-49.8284182810125,26.2574178109809,-23.5710004700316
1991-01-01,1991,1,-50.1273992956391,25.510973838135,-24.6164254575041
1991-02-01,1991,2,-46.4450157290073,24.897616096277,-21.5473996327302
1991-03-01,1991,3,-46.4219257084858,25.79385515344,-20.6280705550458
1991-04-01,1991,4,-41.8046935992389,25.248562856376,-16.5561307428629
1991-05-01,1991,5,-41.8102403576012,25.755028810171,-16.0552115474302
1991-06-01,1991,6,-43.5944855668192,26.05665888647,-17.5378266803492
1991-07-01,1991,7,-43.5735295418068,25.5456780086849,-18.0278515331218
1991-08-01,1991,8,-45.1076581587198,25.925639268945,-19.1820188897748
1991-09-01,1991,9,-43.4805191532393,25.691440190199,-17.7890789630403
1991-10-01,1991,10,-44.897452701513,26.210971398386,-18.686481303127
1991-11-01,1991,11,-45.650887763477,25.8771802296801,-19.7737075337969
1991-12-01,1991,12,-47.4630643293364,25.938277951182,-21.5247863781544
1992-01-01,1992,1,-47.1123370157961,25.534901647811,-21.5774353679851
1992-02-01,1992,2,-44.4839699141815,24.6952525390969,-19.7887173750846
1992-03-01,1992,3,-43.2712553668375,25.206905381316,-18.0643499855215
1992-04-01,1992,4,-40.7011290395791,25.58697203747,-15.1141570021091
1992-05-01,1992,5,-39.170404360389,25.201034140569,-13.96937021982
1992-06-01,1992,6,-41.9682471181308,25.887248252505,-16.0809988656258
1992-07-01,1992,7,-43.1807473725596,25.848605323435,-17.3321420491246
1992-08-01,1992,8,-43.9360507411881,25.711196972932,-18.2248537682561
1992-09-01,1992,9,-45.5844471696198,26.4354953555351,-19.1489518140847
1992-10-01,1992,10,-45.8047324906702,26.057441667727,-19.7472908229432
1992-11-01,1992,11,-48.2046714857639,26.712937401128,-21.4917340846359
1992-12-01,1992,12,-49.0751339606871,26.4033767831031,-22.671757177584
1993-01-01,1993,1,-46.5758293514041,25.01049046119,-21.5653388902141
1993-02-01,1993,2,-46.3440598816346,25.291044991458,-21.0530148901766
1993-03-01,1993,3,-42.5029551062493,25.346544402926,-17.1564107033233
1993-04-01,1993,4,-41.8207549526461,25.390065837018,-16.4306891156281
1993-05-01,1993,5,-41.458127817667,25.9954618233531,-15.4626659943139
1993-06-01,1993,6,-43.6177455246686,26.468747022153,-17.1489985025156
1993-07-01,1993,7,-46.3279153779651,26.616386085767,-19.7115292921981
1993-08-01,1993,8,-45.7535099921431,26.078648540287,-19.6748614518561
1993-09-01,1993,9,-44.7439660774179,26.221401012343,-18.5225650650749
1993-10-01,1993,10,-46.1794160748881,26.180862861695,-19.9985532131931
1993-11-01,1993,11,-47.9249835601539,26.363855340659,-21.5611282194949
1993-12-01,1993,12,-49.7696167312767,26.039425709201,-23.7301910220757
1994-01-01,1994,1,-48.8907177181329,25.265925032363,-23.6247926857699
1994-02-01,1994,2,-47.569460441916,25.059640631855,-22.509819810061
1994-03-01,1994,3,-43.5029111565066,25.260953176202,-18.2419579803047
1994-04-01,1994,4,-40.3946356238222,24.937857657943,-15.4567779658792
1994-05-01,1994,5,-40.9130382795225,25.503719627253,-15.4093186522695
1994-06-01,1994,6,-43.1414753734911,25.863618403484,-17.2778569700071
1994-07-01,1994,7,-43.9622706697284,25.3199438233029,-18.6423268464254
1994-08-01,1994,8,-45.3616580381907,25.9952076909821,-19.3664503472086
1994-09-01,1994,9,-45.2696881742943,25.865085732482,-19.4046024418123
1994-10-01,1994,10,-45.6074046879234,26.086223282704,-19.5211814052194
1994-11-01,1994,11,-45.6462675844642,25.704959853754,-19.9413077307102
1994-12-01,1994,12,-47.9869227760523,25.394410874564,-22.5925119014883
1995-01-01,1995,1,-49.6790661149709,25.6541990782899,-24.024867036681
1995-02-01,1995,2,-46.1390639016125,25.309732598175,-20.8293313034375
1995-03-01,1995,3,-44.2301556715999,25.771281539351,-18.4588741322489
1995-04-01,1995,4,-43.4688299149896,26.399940537906,-17.0688893770835
1995-05-01,1995,5,-42.6274937864449,26.259116152014,-16.3683776344309
1995-06-01,1995,6,-43.6576876847858,26.027469398016,-17.6302182867698
1995-07-01,1995,7,-44.3966036766104,25.525197003096,-18.8714066735145
1995-08-01,1995,8,-46.6187115052594,26.1232713037911,-20.4954402014683
1995-09-01,1995,9,-48.3907504141995,27.219612473674,-21.1711379405255
1995-10-01,1995,10,-47.3167260767779,27.006207315841,-20.3105187609369
1995-11-01,1995,11,-48.6577382395372,26.507751430834,-22.1499868087032
1995-12-01,1995,12,-50.5311008278927,26.560398983534,-23.9707018443586
1996-01-01,1996,1,-50.1677596665895,26.057922299909,-24.1098373666805
1996-02-01,1996,2,-46.9462019666888,25.515929462267,-21.4302725044218
1996-03-01,1996,3,-45.3367222944893,26.32472840288,-19.0119938916093
1996-04-01,1996,4,-41.5905185360059,25.518412631751,-16.0721059042549
1996-05-01,1996,5,-42.5226297666373,26.3631045940671,-16.1595251725702
1996-06-01,1996,6,-44.1962193910475,26.385601887689,-17.8106175033585
1996-07-01,1996,7,-44.6780066094296,26.15306555796,-18.5249410514697
1996-08-01,1996,8,-45.386595712707,26.1264488164509,-19.2601468962561
1996-09-01,1996,9,-46.1054360799988,26.408528557866,-19.6969075221328
1996-10-01,1996,10,-47.9762538144159,27.012816598404,-20.9634372160119
1996-11-01,1996,11,-47.4605036633464,26.302668150617,-21.1578355127294
1996-12-01,1996,12,-48.5847986498842,25.734016588476,-22.8507820614082
1997-01-01,1997,1,-48.7515214331523,25.404342583579,-23.3471788495733
1997-02-01,1997,2,-46.5735576849243,24.652879802936,-21.9206778819883
1997-03-01,1997,3,-44.2024010307598,25.193587833475,-19.0088131972848
1997-04-01,1997,4,-42.5175582659257,25.733841292661,-16.7837169732647
1997-05-01,1997,5,-41.4741582305357,26.103710468848,-15.3704477616877
1997-06-01,1997,6,-41.7694522824118,25.383203255909,-16.3862490265028
1997-07-01,1997,7,-43.535848243736,25.2885614359731,-18.2472868077629
1997-08-01,1997,8,-45.0340689131633,25.609334785016,-19.4247341281473
1997-09-01,1997,9,-44.8119804408126,25.32206881281,-19.4899116280026
1997-10-01,1997,10,-46.7458736728951,26.089755314373,-20.6561183585221
1997-11-01,1997,11,-46.4054650877686,25.400567999607,-21.0048970881616
1997-12-01,1997,12,-49.1210865028625,25.674602581548,-23.4464839213145
1998-01-01,1998,1,-50.3277152880441,25.562831308793,-24.7648839792511
1998-02-01,1998,2,-49.0729363661853,25.434014540154,-23.6389218260313
1998-03-01,1998,3,-46.5221661376062,25.93248500214,-20.5896811354662
1998-04-01,1998,4,-43.5400639419288,25.573430887935,-17.9666330539937
1998-05-01,1998,5,-42.2657098755916,25.774317428935,-16.4913924466566
1998-06-01,1998,6,-43.9396230496202,25.869433005329,-18.0701900442912
1998-07-01,1998,7,-44.5276312711587,25.5664145643721,-18.9612167067867
1998-08-01,1998,8,-45.2826166976939,25.588130006312,-19.6944866913819
1998-09-01,1998,9,-47.8254387886664,26.783741096964,-21.0416976917024
1998-10-01,1998,10,-46.6853817541829,25.917935396426,-20.7674463577569
1998-11-01,1998,11,-48.8863260172327,25.65732237206,-23.2290036451728
1998-12-01,1998,12,-51.1808740068234,25.9967842033871,-25.1840898034364
1999-01-01,1999,1,-50.2345419088995,25.21563300552,-25.0189089033795
1999-02-01,1999,2,-47.9216751319987,24.941232383724,-22.9804427482747
1999-03-01,1999,3,-44.0681079290864,24.707414357492,-19.3606935715944
1999-04-01,1999,4,-42.4528538540071,25.588330225072,-16.8645236289352
1999-05-01,1999,5,-41.998019168929,26.0569109789971,-15.941108189932
1999-06-01,1999,6,-42.0668861969375,25.335384755523,-16.7315014414145
1999-07-01,1999,7,-45.561497777308,26.0611897881449,-19.5003079891631
1999-08-01,1999,8,-46.1020841875957,26.010143343435,-20.0919408441607
1999-09-01,1999,9,-47.0984008304473,26.464477327566,-20.6339235028813
1999-10-01,1999,10,-48.2736953512502,26.752964847504,-21.5207305037462
1999-11-01,1999,11,-48.8917956125989,26.444006920023,-22.447788692576
1999-12-01,1999,12,-51.3469308412813,26.521377063489,-24.8255537777923
2000-01-01,2000,1,-50.4467917833904,26.016523108246,-24.4302686751444
2000-02-01,2000,2,-48.4563254876206,25.414439241878,-23.0418862457426
2000-03-01,2000,3,-44.5709347517169,25.416073831019,-19.1548609206979
2000-04-01,2000,4,-42.7277498184722,25.8290847924289,-16.8986650260433
2000-05-01,2000,5,-43.3703760760883,26.809656203958,-16.5607198721303
2000-06-01,2000,6,-43.1772822636786,25.826113508055,-17.3511687556236
2000-07-01,2000,7,-44.3917656870487,25.683365053826,-18.7084006332227
2000-08-01,2000,8,-44.9426059167555,25.3458768019919,-19.5967291147635
2000-09-01,2000,9,-46.1573080251379,26.022140998228,-20.1351670269099
2000-10-01,2000,10,-48.7928740137309,26.936748252296,-21.8561257614348
2000-11-01,2000,11,-48.8594621078673,26.3218298319321,-22.5376322759352
2000-12-01,2000,12,-48.5874566645334,25.210098648249,-23.3773580162845
2001-01-01,2001,1,-47.5264958949235,24.9688240074461,-22.5576718874775
2001-02-01,2001,2,-48.7975061415713,25.084495765966,-23.7130103756053
2001-03-01,2001,3,-45.4020862913777,25.316037850921,-20.0860484404568
2001-04-01,2001,4,-44.3388304908052,26.323820062143,-18.0150104286622
2001-05-01,2001,5,-42.8808009270802,26.068660138117,-16.8121407889632
2001-06-01,2001,6,-42.3121472670231,25.327079159377,-16.9850681076461
2001-07-01,2001,7,-45.5259717985131,25.657681177722,-19.8682906207911
2001-08-01,2001,8,-46.8299842588913,25.887210606904,-20.9427736519873
2001-09-01,2001,9,-47.6405394209473,26.429636704302,-21.2109027166453
2001-10-01,2001,10,-50.7160944457766,27.550204737416,-23.1658897083606
2001-11-01,2001,11,-49.8916897769552,26.600554203786,-23.2911355731692
2001-12-01,2001,12,-53.127959028243,26.925320591502,-26.202638436741
2002-01-01,2002,1,-51.6309785701173,26.305766714216,-25.3252118559013
2002-02-01,2002,2,-50.3934389478441,25.923844123654,-24.4695948241901
2002-03-01,2002,3,-46.0878232737857,25.747581719444,-20.3402415543417
2002-04-01,2002,4,-44.8710648216327,26.961845893267,-17.9092189283656
2002-05-01,2002,5,-42.2844848385709,25.8846403130011,-16.3998445255698
2002-06-01,2002,6,-43.7856376697467,25.894731287634,-17.8909063821126
2002-07-01,2002,7,-45.5919140024583,25.49001948776,-20.1018945146983
2002-08-01,2002,8,-47.3396526399375,26.0574675824919,-21.2821850574456
2002-09-01,2002,9,-46.6741404706974,25.949992743118,-20.7241477275794
2002-10-01,2002,10,-46.3112739427792,25.917942588159,-20.3933313546202
2002-11-01,2002,11,-49.4365103729468,26.516597511127,-22.9199128618198
2002-12-01,2002,12,-51.6740897589667,26.546849707509,-25.1272400514577
2003-01-01,2003,1,-50.6574259475232,25.974672888663,-24.6827530588602
2003-02-01,2003,2,-48.895869979458,25.602082263505,-23.293787715953
2003-03-01,2003,3,-45.2730420087227,25.6131680230731,-19.6598739856497
2003-04-01,2003,4,-44.2687202446342,26.2777875114271,-17.9909327332072
2003-05-01,2003,5,-42.9572950129943,26.172739234357,-16.7845557786373
2003-06-01,2003,6,-43.3212463589333,25.5686519747931,-17.7525943841402
2003-07-01,2003,7,-44.304450640847,25.2577644559281,-19.0466861849189
2003-08-01,2003,8,-46.0670243762082,25.955291445044,-20.1117329311642
2003-09-01,2003,9,-46.8404317887464,26.471106098087,-20.3693256906594
2003-10-01,2003,10,-48.9766157290424,26.836717396644,-22.1398983323984
2003-11-01,2003,11,-49.9981033067015,26.9618790030549,-23.0362243036465
2003-12-01,2003,12,-51.2591447775634,26.555175826904,-24.7039689506593
2004-01-01,2004,1,-51.5993543146036,26.063731023929,-25.5356232906746
2004-02-01,2004,2,-47.7516083948122,24.993833455646,-22.7577749391662
2004-03-01,2004,3,-46.5251846766694,25.846131509584,-20.6790531670854
2004-04-01,2004,4,-43.1541855564207,25.631390876537,-17.5227946798837
2004-05-01,2004,5,-43.9223957575369,26.267546419038,-17.6548493384989
2004-06-01,2004,6,-45.0629337415419,26.3347205986259,-18.7282131429159
2004-07-01,2004,7,-44.2399825434207,25.8191729002369,-18.4208096431838
2004-08-01,2004,8,-47.0010656653178,26.2900509204699,-20.7110147448479
2004-09-01,2004,9,-47.5409145591718,26.7191471802109,-20.8217673789609
2004-10-01,2004,10,-49.7840125156597,27.246317304813,-22.5376952108467
2004-11-01,2004,11,-51.2948191916079,27.452231769919,-23.842587421689
2004-12-01,2004,12,-51.7160010507899,26.832951927212,-24.8830491235779
2005-01-01,2005,1,-50.8512344676113,26.223618376534,-24.6276160910773
2005-02-01,2005,2,-50.0341722080178,26.050653264647,-23.9835189433708
2005-03-01,2005,3,-46.451675267794,25.884877297973,-20.566797969821
2005-04-01,2005,4,-44.1640679972103,26.002310558311,-18.1617574388993
2005-05-01,2005,5,-42.741015170349,26.005432161506,-16.735583008843
2005-06-01,2005,6,-45.4485449904254,26.4542364344761,-18.9943085559493
2005-07-01,2005,7,-45.6232270069168,25.664288992846,-19.9589380140708
2005-08-01,2005,8,-47.5956647867671,26.201329472081,-21.3943353146861
2005-09-01,2005,9,-48.8217353125038,26.611760407574,-22.2099749049298
2005-10-01,2005,10,-49.7275026780093,27.242193922721,-22.4853087552883
2005-11-01,2005,11,-51.3806216595473,27.189319443873,-24.1913022156743
2005-12-01,2005,12,-50.5947027742682,25.968052736024,-24.6266500382442
2006-01-01,2006,1,-51.5364721920594,25.991655582665,-25.5448166093944
2006-02-01,2006,2,-50.1729500792271,26.02123473034,-24.1517153488871
2006-03-01,2006,3,-46.2205662939581,25.874696324575,-20.3458699693831
2006-04-01,2006,4,-44.0418905388396,25.965024507657,-18.0768660311826
2006-05-01,2006,5,-42.7900994633934,26.288850894234,-16.5012485691593
2006-06-01,2006,6,-44.2381107677452,25.856208358427,-18.3819024093183
2006-07-01,2006,7,-46.6320249792123,25.973258668865,-20.6587663103473
2006-08-01,2006,8,-47.7312389363828,25.923980185962,-21.8072587504208
2006-09-01,2006,9,-47.8813499484207,26.308425447675,-21.5729245007457
2006-10-01,2006,10,-51.2073386976132,27.519404425529,-23.6879342720842
2006-11-01,2006,11,-50.6577078824343,27.254068373819,-23.4036395086153
2006-12-01,2006,12,-52.3089478740931,26.810319519653,-25.4986283544401
2007-01-01,2007,1,-53.5955681524599,26.649282245639,-26.9462859068209
2007-02-01,2007,2,-49.5552999318427,25.475517910504,-24.0797820213387
2007-03-01,2007,3,-47.4028030761534,26.222054809329,-21.1807482668244
2007-04-01,2007,4,-43.9624559379974,26.319592453941,-17.6428634840564
2007-05-01,2007,5,-44.8459156588718,26.388880833246,-18.4570348256258
2007-06-01,2007,6,-45.6019683853386,26.027239884308,-19.5747285010306
2007-07-01,2007,7,-46.487666279523,25.37202546771,-21.1156408118129
2007-08-01,2007,8,-48.7936333435441,26.455049901259,-22.3385834422851
2007-09-01,2007,9,-48.6121526771457,26.599451264048,-22.0127014130977
2007-10-01,2007,10,-49.4406632753758,26.971181677936,-22.4694815974398
2007-11-01,2007,11,-51.2017424518116,27.044752458728,-24.1569899930836
2007-12-01,2007,12,-53.972006214761,27.51180923633,-26.460196978431
2008-01-01,2008,1,-52.4132193431061,26.491507966245,-25.9217113768611
2008-02-01,2008,2,-50.1368324132579,25.944457539536,-24.1923748737219
2008-03-01,2008,3,-46.0969338566355,25.919662438131,-20.1772714185045
2008-04-01,2008,4,-43.4474903126846,25.965317766155,-17.4821725465297
2008-05-01,2008,5,-42.6595380428933,26.191166152975,-16.4683718899183
2008-06-01,2008,6,-44.6234659759496,25.931676726054,-18.6917892498956
2008-07-01,2008,7,-45.0434380861164,25.570777129679,-19.4726609564374
2008-08-01,2008,8,-46.5581494522068,25.93752377757,-20.6206256746368
2008-09-01,2008,9,-49.3727024443175,27.228997570465,-22.1437048738525
2008-10-01,2008,10,-50.278312220059,27.162000230021,-23.116311990038
2008-11-01,2008,11,-52.3395012545916,27.493693195426,-24.8458080591656
2008-12-01,2008,12,-52.7910690100562,27.1387200250049,-25.6523489850512
2009-01-01,2009,1,-51.581960097597,25.989917136659,-25.5920429609381
2009-02-01,2009,2,-50.6117703697489,25.936501761808,-24.6752686079409
2009-03-01,2009,3,-47.5345212177576,26.309034099063,-21.2254871186946
2009-04-01,2009,4,-45.1673701450899,26.22757568385,-18.9397944612398
2009-05-01,2009,5,-42.3808695525241,25.905355696781,-16.4755138557431
2009-06-01,2009,6,-44.2639019867877,25.887667575636,-18.3762344111517
2009-07-01,2009,7,-45.5798857952283,25.633685575238,-19.9462002199903
2009-08-01,2009,8,-45.9958664671151,25.2466588776959,-20.7492075894191
2009-09-01,2009,9,-49.1892461131146,26.7364369630581,-22.4528091500565
2009-10-01,2009,10,-49.3908463673824,27.386815691781,-22.0040306756014
2009-11-01,2009,11,-50.4175384425791,27.150434032828,-23.2671044097511
2009-12-01,2009,12,-51.3037116819213,26.209124331139,-25.0945873507823
2010-01-01,2010,1,-48.5374320392053,24.9781247035939,-23.5593073356114
2010-02-01,2010,2,-47.1159784373674,24.77991759391,-22.3360608434574
2010-03-01,2010,3,-44.3763499658801,24.965681579464,-19.4106683864161
2010-04-01,2010,4,-42.5776028246985,25.435666137391,-17.1419366873075
2010-05-01,2010,5,-43.0996413337131,25.872066074617,-17.2275752590961
2010-06-01,2010,6,-43.9654877853876,25.799013735489,-18.1664740498986
2010-07-01,2010,7,-44.7659388637219,25.4700976278839,-19.2958412358379
2010-08-01,2010,8,-44.2853942103542,24.897417256763,-19.3879769535912
2010-09-01,2010,9,-45.5995619291856,25.8237016245851,-19.7758603046005
2010-10-01,2010,10,-47.1560765049505,26.399507938195,-20.7565685667555
2010-11-01,2010,11,-48.5871075761383,26.685054734115,-21.9020528420233
2010-12-01,2010,12,-48.8554321304436,25.6242675597289,-23.2311645707147
2011-01-01,2011,1,-46.0693240034105,23.90949443578,-22.1598295676305
2011-02-01,2011,2,-44.3841150781131,23.8365642417299,-20.5475508363832
2011-03-01,2011,3,-40.2652549112763,23.9035742112341,-16.3616807000423
2011-04-01,2011,4,-39.5924040643597,24.428830483462,-15.1635735808977
2011-05-01,2011,5,-39.1942692775766,24.044773844014,-15.1494954335626
2011-06-01,2011,6,-42.5274938473061,24.5053321083521,-18.022161738954
2011-07-01,2011,7,-42.1115828166484,23.8678458067089,-18.2437370099395
2011-08-01,2011,8,-42.754479455264,23.801384955675,-18.953094499589
2011-09-01,2011,9,-42.5863271511924,24.088017131613,-18.4983100195794
2011-10-01,2011,10,-43.5598786240038,24.878250150352,-18.6816284736518
2011-11-01,2011,11,-45.1278479757983,24.954262536789,-20.1735854390093
2011-12-01,2011,12,-48.5044527422313,25.20697884532,-23.2974738969113
2012-01-01,2012,1,-46.4043373600057,24.06527810874,-22.3390592512657
2012-02-01,2012,2,-42.2180847759833,23.248444899973,-18.9696398760103
2012-03-01,2012,3,-40.9566509925947,23.990417718653,-16.9662332739417
2012-04-01,2012,4,-39.502753897338,24.250329985238,-15.2524239121
2012-05-01,2012,5,-37.8497552277713,23.8173850606869,-14.0323701670844
2012-06-01,2012,6,-40.2942958383709,23.7959290101969,-16.498366828174
2012-07-01,2012,7,-41.1154376387148,23.444499053142,-17.6709385855728
2012-08-01,2012,8,-41.7670025297602,23.806021280448,-17.9609812493122
2012-09-01,2012,9,-43.5713519965219,24.729209254111,-18.8421427424109
2012-10-01,2012,10,-43.3858364015189,24.868753225296,-18.5170831762229
2012-11-01,2012,11,-45.0198744718631,25.050042922271,-19.9698315495921
2012-12-01,2012,12,-46.9298816604562,24.665755152147,-22.2641265083092
2013-01-01,2013,1,-48.8836008517331,24.749512807586,-24.1340880441471
2013-02-01,2013,2,-44.3856424297674,24.0040678596549,-20.3815745701125
2013-03-01,2013,3,-40.7393361081795,23.49204127869,-17.2472948294895
2013-04-01,2013,4,-39.2921610051491,24.265451102158,-15.0267099029911
2013-05-01,2013,5,-39.3745319250062,24.268436282831,-15.1060956421752
2013-06-01,2013,6,-41.4191002636196,24.298258214623,-17.1208420489966
2013-07-01,2013,7,-42.2843795189633,24.0391337087869,-18.2452458101764
2013-08-01,2013,8,-41.0561059954002,23.431627748683,-17.6244782467172
2013-09-01,2013,9,-42.1745619742943,24.225158894024,-17.9494030802703
2013-10-01,2013,10,-43.2585901255293,24.8349503115019,-18.4236398140274
2013-11-01,2013,11,-45.7416593062688,25.528150675844,-20.2135086304248
2013-12-01,2013,12,-46.9768551182058,24.872317583071,-22.1045375351348
2014-01-01,2014,1,-45.7985759096838,23.916164176063,-21.8824117336208
2014-02-01,2014,2,-43.9920425724786,23.7197636313859,-20.2722789410927
2014-03-01,2014,3,-41.2215049301872,23.964320306687,-17.2571846235002
2014-04-01,2014,4,-39.0103154809631,23.812982885615,-15.1973325953481
2014-05-01,2014,5,-39.754113180767,24.34110890118,-15.4130042795871
2014-06-01,2014,6,-41.5456804750343,24.333820971374,-17.2118595036603
2014-07-01,2014,7,-42.1173250814913,24.017349159103,-18.0999759223883
2014-08-01,2014,8,-40.356582339321,23.359905766234,-16.996676573087
2014-09-01,2014,9,-41.9804358460987,24.115944606838,-17.8644912392607
2014-10-01,2014,10,-43.2612977265566,24.946434742913,-18.3148629836436
2014-11-01,2014,11,-45.845456666096,25.054006804995,-20.791449861101
2014-12-01,2014,12,-47.4034602634617,25.0420349642021,-22.3614252992596
2015-01-01,2015,1,-46.3947089597205,24.264417951334,-22.1302910083865
2015-02-01,2015,2,-43.8107465655905,23.94647241809,-19.8642741475005
2015-03-01,2015,3,-41.8785010554943,24.197128152089,-17.6813729034054
2015-04-01,2015,4,-38.7834877202361,24.086165575993,-14.697322144243
2015-05-01,2015,5,-37.9577463493211,23.691992364863,-14.2657539844581
2015-06-01,2015,6,-40.4288497093046,24.065868175667,-16.3629815336375
2015-07-01,2015,7,-41.5983412620264,23.8861785793781,-17.7121626826483
2015-08-01,2015,8,-41.3543366248255,23.915241376255,-17.4390952485705
2015-09-01,2015,9,-41.7361385571991,24.046310505065,-17.689828052134
2015-10-01,2015,10,-42.6216163259279,24.564601391534,-18.0570149343938
2015-11-01,2015,11,-45.2399064508805,25.026903127538,-20.2130033233425
2015-12-01,2015,12,-46.7365579901691,24.901096661839,-21.8354613283301
2016-01-01,2016,1,-47.4927698627335,24.093658529839,-23.3991113328945
2016-02-01,2016,2,-45.4083425164135,23.897246310522,-21.5110962058916
2016-03-01,2016,3,-42.9636265123213,24.412591352793,-18.5510351595283
2016-04-01,2016,4,-40.3057738811402,24.1462308277041,-16.1595430534361
2016-05-01,2016,5,-39.5298401177822,24.411442724157,-15.1183973936252
2016-06-01,2016,6,-39.4964764199612,23.4120830519449,-16.0843933680163
2016-07-01,2016,7,-40.8919534990784,23.359068052642,-17.5328854464364
2016-08-01,2016,8,-40.857673430459,22.920741729581,-17.9369317008779
2016-09-01,2016,9,-43.0513779712321,24.513053964514,-18.5383240067181
2016-10-01,2016,10,-43.8658064851504,25.198541942984,-18.6672645421664
2016-11-01,2016,11,-45.2663980711857,24.7392195257069,-20.5271785454788
2016-12-01,2016,12,-46.8516033745784,24.657407436489,-22.1941959380894
2017-01-01,2017,1,-44.9414176610821,23.633031735211,-21.3083859258711
2017-02-01,2017,2,-43.7439931856096,23.589682799664,-20.1543103859456
2017-03-01,2017,3,-40.2988919367736,23.815445915349,-16.4834460214247
2017-04-01,2017,4,-37.8385290970873,23.429541442805,-14.4089876542823
2017-05-01,2017,5,-39.0060043454481,24.350179718622,-14.655824626826
2017-06-01,2017,6,-40.5051095253003,23.9373555973351,-16.5677539279652
2017-07-01,2017,7,-40.6871224323028,23.221516290219,-17.4656061420839
2017-08-01,2017,8,-42.4827667477464,24.121249416415,-18.3615173313314
2017-09-01,2017,9,-44.077942942981,24.827131420709,-19.250811522272
2017-10-01,2017,10,-44.7432633050879,25.025262372304,-19.7180009327839
2017-11-01,2017,11,-46.5554921173373,25.279094890446,-21.2763972268913
2017-12-01,2017,12,-48.5537206020639,24.782148972804,-23.7715716292599
2018-01-01,2018,1,-46.4308523237344,23.691552359419,-22.7392999643154
2018-02-01,2018,2,-46.5620109039924,24.660465178453,-21.9015457255394
2018-03-01,2018,3,-41.2877345149909,23.678731574191,-17.6090029407999
2018-04-01,2018,4,-38.2114971576248,23.383183291397,-14.8283138662278
2018-05-01,2018,5,-38.1716880845206,23.6918812021199,-14.4798068824007
2018-06-01,2018,6,-40.7262165083804,23.745498663233,-16.9807178451474
2018-07-01,2018,7,-40.9514158364683,23.2909235849369,-17.6604922515314
2018-08-01,2018,8,-42.5861796171531,23.891024188868,-18.6951554282851
2018-09-01,2018,9,-42.1352241168968,24.0214024474341,-18.1138216694627
2018-10-01,2018,10,-43.9337332165573,24.776613759207,-19.1571194573503
2018-11-01,2018,11,-45.3431853165393,24.882069462842,-20.4611158536973
2018-12-01,2018,12,-46.2193980748192,24.143262596645,-22.0761354781742
2019-01-01,2019,1,-47.1630932943231,24.012064635315,-23.151028659008
2019-02-01,2019,2,-43.7342310166817,23.294321660527,-20.4399093561547
2019-03-01,2019,3,-40.546028460603,23.580572091511,-16.965456369092
2019-04-01,2019,4,-39.4120204941313,24.003039945747,-15.4089805483843
2019-05-01,2019,5,-39.4090309153351,24.037186374528,-15.3718445408071
2019-06-01,2019,6,-41.0102959890835,23.8313462816191,-17.1789497074645
2019-07-01,2019,7,-40.9147267961566,23.066047592653,-17.8486792035036
2019-08-01,2019,8,-40.9899185990262,23.165215942605,-17.8247026564212
2019-09-01,2019,9,-41.4337995824202,23.578292498485,-17.8555070839352
2019-10-01,2019,10,-41.6289918024851,24.212254335882,-17.4167374666031
2019-11-01,2019,11,-44.0233435517149,24.566864158091,-19.4564793936239
2019-12-01,2019,12,-46.2811681742438,24.362894001311,-21.9182741729328
2020-01-01,2020,1,-47.4889375441803,24.717859936068,-22.7710776081123
2020-02-01,2020,2,-45.705516272274,24.172041944754,-21.53347432752
2020-03-01,2020,3,-42.5770716840358,24.361195007658,-18.2158766763778
2020-04-01,2020,4,-39.0372951881505,23.890695022168,-15.1466001659826
2020-05-01,2020,5,-39.2105109622914,23.990453772161,-15.2200571901304
2020-06-01,2020,6,-41.1260234728938,23.9401951938719,-17.1858282790218
2020-07-01,2020,7,-41.6047360695963,23.400602492149,-18.2041335774473
2020-08-01,2020,8,-41.7538692160516,23.185483629744,-18.5683855863076
2020-09-01,2020,9,-42.82833394788,24.27323870185,-18.55509524603
2020-10-01,2020,10,-44.8180848623058,25.077761699339,-19.7403231629668
2020-11-01,2020,11,-46.5397964268902,25.5234173715129,-21.0163790553772
2020-12-01,2020,12,-48.6731554095118,25.051060708287,-23.6220947012248
2021-01-01,2021,1,-47.6972782032904,23.985934883412,-23.7113433198784
2021-02-01,2021,2,-44.7448966826584,23.5152614972089,-21.2296351854494
2021-03-01,2021,3,-41.1870922055367,23.915744852637,-17.2713473528997
2021-04-01,2021,4,-38.6706546229126,23.639640289548,-15.0310143333647
2021-05-01,2021,5,-38.9404503486522,23.992572320017,-14.9478780286352
2021-06-01,2021,6,-39.596296301429,23.441954366166,-16.154341935263
2021-07-01,2021,7,-39.8581028272116,22.732712287659,-17.1253905395526
2021-08-01,2021,8,-40.7167188044495,23.077695221141,-17.6390235833085
2021-09-01,2021,9,-42.6575305822287,24.4591581188,-18.1983724634287
2021-10-01,2021,10,-44.0148580364992,24.760765737627,-19.2540922988722
2021-11-01,2021,11,-45.6426212295283,24.917016053123,-20.7256051764053
2021-12-01,2021,12,-48.8826440949623,25.053077142344,-23.8295669526183
2022-01-01,2022,1,-45.3459662210293,23.630284464261,-21.7156817567683
2022-02-01,2022,2,-43.2649485592826,23.403162674692,-19.8617858845906
2022-03-01,2022,3,-40.5405671479827,23.1772420241761,-17.3633251238066
2022-04-01,2022,4,-39.2304831525229,23.896807899646,-15.333675252877
2022-05-01,2022,5,-39.314402681776,24.20262260597,-15.111780075806
2022-06-01,2022,6,-38.9252464152229,23.61054073303,-15.3147056821929
2022-07-01,2022,7,-41.7488118015603,23.783267375284,-17.9655444262763
2022-08-01,2022,8,-42.1563454442109,23.844086267037,-18.3122591771739
2022-09-01,2022,9,-42.4433745614794,24.5098040509679,-17.9335705105115
2022-10-01,2022,10,-44.0725909589987,25.061414086508,-19.0111768724907
2022-11-01,2022,11,-45.6338095355753,24.985364982288,-20.6484445532872
2022-12-01,2022,12,-46.8928313127728,24.348033465601,-22.5447978471718
2023-01-01,2023,1,-45.6446637831741,23.295869635516,-22.3487941476581
2023-02-01,2023,2,-43.0426964948979,23.0786327596629,-19.964063735235
2023-03-01,2023,3,-40.4464739881648,23.372352548099,-17.0741214400658
2023-04-01,2023,4,-37.7670771013695,23.4602333148711,-14.3068437864984
2023-05-01,2023,5,-38.1668556485092,23.806510584386,-14.3603450641232
2023-06-01,2023,6,-38.8693677535917,23.325898078359,-15.5434696752327
2023-07-01,2023,7,-39.7970381981936,22.977170197848,-16.8198680003457
2023-08-01,2023,8,-39.8700825663423,22.640359130678,-17.2297234356643
2023-09-01,2023,9,-41.2518686052069,23.400855329932,-17.8510132752749
2023-10-01,2023,10,-44.0908187287582,24.733433588408,-19.3573851403502
2023-11-01,2023,11,-46.1779621361569,24.9399385855091,-21.2380235506478
2023-12-01,2023,12,-48.2127420493662,24.530681101753,-23.6820609476132
2024-01-01,2024,1,-48.0472262105381,23.971648967139,-24.0755772433991
2024-02-01,2024,2,-45.1047638493207,23.3501518083841,-21.7546120409366
2024-03-01,2024,3,-42.4554485209956,23.9780190259399,-18.4774294950556
2024-04-01,2024,4,-40.0258752417588,23.946339742786,-16.0795354989728
2024-05-01,2024,5,-39.601423709741,24.085340908725,-15.516082801016
2024-06-01,2024,6,-40.5719140314413,24.0055978083021,-16.5663162231392
2024-07-01,2024,7,-40.9400950595773,23.084299857841,-17.8557952017363
2024-08-01,2024,8,-40.6898967013207,22.6358547237,-18.0540419776207
2024-09-01,2024,9,-42.1975019102197,23.840701109079,-18.3568008011407
2024-10-01,2024,10,-44.0724261571806,24.6931049907091,-19.3793211664715
2024-11-01,2024,11,-46.8442079716613,25.308110148581,-21.5360978230803
2024-12-01,2024,12,-47.5940677549395,24.5703232098321,-23.0237445451075
2025-01-01,2025,1,-45.6372230218296,23.418782567372,-22.2184404544576
2025-02-01,2025,2,-44.5458968020196,23.570364763241,-20.9755320387786
2025-03-01,2025,3,-41.5554044755811,23.518254222558,-18.037150253023
2025-04-01,2025,4,-40.5391255291596,24.297818480732,-16.2413070484276
2025-05-01,2025,5,-39.7742106460184,24.349583283609,-15.4246273624094
2025-06-01,2025,6,-39.6133199821981,23.675719972773,-15.9376000094251
2025-07-01,2025,7,-39.2836873805053,23.239554650387,-16.0441327301183
2025-08-01,2025,8,-39.4137083074183,23.233939294777,-16.1797690126413
2025-09-01,2025,9,-40.3355732336242,23.594065028443,-16.7415082051812
2025-10-01,2025,10,-42.0763331799379,24.7212677470669,-17.355065432871
2025-11-01,2025,11,-43.8905693821336,24.491266021159,-19.3993033609746
2025-12-01,2025,12,-45.348655040956,24.7112674519511,-20.6373875890049
